"0dbaa867c7cc042cb808fc3c605aaf67147104d8.bin.c.frontend.dsm","01a1a5d41cbe4440cc0d0bb35caac0ee696cb973.bin.c.frontend.dsm",24
"0f6330ce70337e33f697323e07eae461edaecace.bin.c.frontend.dsm","0dd18b6f392eec4f8b7f9c9be53fec96ab56bc66.bin.c.frontend.dsm",96
"0fa1516714546998c360a143389614bf449ba2ac.bin.c.frontend.dsm","0ec2b08830e49ed9705edd85b6e7f0650ce68137.bin.c.frontend.dsm",96
"1089a63ab161fb356aef103f250d752f48237a40.bin.c.frontend.dsm","0c1675bf83c5031b3df8db0cba04400af169d9a6.bin.c.frontend.dsm",94
"11a26fc1f8b89ed0c9b5b444e98360b5cfe7af43.bin.c.frontend.dsm","0c1675bf83c5031b3df8db0cba04400af169d9a6.bin.c.frontend.dsm",94
"11a26fc1f8b89ed0c9b5b444e98360b5cfe7af43.bin.c.frontend.dsm","1089a63ab161fb356aef103f250d752f48237a40.bin.c.frontend.dsm",94
"12f650ad8f51fd2023df910783daef16ce467413.bin.c.frontend.dsm","0b2af9053ef2b5261c5ef451a4fd843614b3063a.bin.c.frontend.dsm",75
"13d74ea350aa821decd459a35ef0c38538837953.bin.c.frontend.dsm","0ec2b08830e49ed9705edd85b6e7f0650ce68137.bin.c.frontend.dsm",94
"13d74ea350aa821decd459a35ef0c38538837953.bin.c.frontend.dsm","0fa1516714546998c360a143389614bf449ba2ac.bin.c.frontend.dsm",94
"160c795330cebe20e16c98a62c6776a9767db7cb.bin.c.frontend.dsm","0cd55e8226e43598ddb891ad430b57a451602054.bin.c.frontend.dsm",82
"16a5b22937f848914fbcf214f3f604ee681bb733.bin.c.frontend.dsm","01a1a5d41cbe4440cc0d0bb35caac0ee696cb973.bin.c.frontend.dsm",97
"16a5b22937f848914fbcf214f3f604ee681bb733.bin.c.frontend.dsm","0dbaa867c7cc042cb808fc3c605aaf67147104d8.bin.c.frontend.dsm",24
"18d4be0d1f9912629496204aea273914d609a4e9.bin.c.frontend.dsm","01a1a5d41cbe4440cc0d0bb35caac0ee696cb973.bin.c.frontend.dsm",27
"18d4be0d1f9912629496204aea273914d609a4e9.bin.c.frontend.dsm","0dbaa867c7cc042cb808fc3c605aaf67147104d8.bin.c.frontend.dsm",25
"18d4be0d1f9912629496204aea273914d609a4e9.bin.c.frontend.dsm","16a5b22937f848914fbcf214f3f604ee681bb733.bin.c.frontend.dsm",27
"18f56bbbe89d92bc5b75447e403c0b3468f7d399.bin.c.frontend.dsm","16b95df50baa1b781eb71ac39dac7f587301dff9.bin.c.frontend.dsm",44
"1fec1cc4bc9044d38a80c45d74ab796179ea7ec2.bin.c.frontend.dsm","017ddbe8a623a45b07f9af5e2870d3ca3ef9cfc4.bin.c.frontend.dsm",46
"2433a61159fb50a0a06f7e80f8547e2a7f8137e6.bin.c.frontend.dsm","08305eea2dde7eee051ae2a09232bac50d1043eb.bin.c.frontend.dsm",46
"24384c8e4cd421e992aeef1e7ea3db6024703170.bin.c.frontend.dsm","08305eea2dde7eee051ae2a09232bac50d1043eb.bin.c.frontend.dsm",50
"24384c8e4cd421e992aeef1e7ea3db6024703170.bin.c.frontend.dsm","2433a61159fb50a0a06f7e80f8547e2a7f8137e6.bin.c.frontend.dsm",46
"245334c0b0398a1777986ae79d282a0b941e77f9.bin.c.frontend.dsm","18ccd2742c877e601e9c39ed33c49da3e7a430f2.bin.c.frontend.dsm",97
"263fe18982c3581c8ef3fade1a51474cab69fbbc.bin.c.frontend.dsm","0b4d9813ec8dbb3ea5128993190cf09cff6d6d34.bin.c.frontend.dsm",97
"29ed5fa9050bafa663b11d814e48f7ac9fc23948.bin.c.frontend.dsm","15fd4935619852b8e4314df73f03fe2a5cab079f.bin.c.frontend.dsm",46
"2a7c74d92f7ded3419c954a68f8758c3ee8f1570.bin.c.frontend.dsm","01a1a5d41cbe4440cc0d0bb35caac0ee696cb973.bin.c.frontend.dsm",29
"2a7c74d92f7ded3419c954a68f8758c3ee8f1570.bin.c.frontend.dsm","0dbaa867c7cc042cb808fc3c605aaf67147104d8.bin.c.frontend.dsm",24
"2a7c74d92f7ded3419c954a68f8758c3ee8f1570.bin.c.frontend.dsm","16a5b22937f848914fbcf214f3f604ee681bb733.bin.c.frontend.dsm",29
"2a7c74d92f7ded3419c954a68f8758c3ee8f1570.bin.c.frontend.dsm","18d4be0d1f9912629496204aea273914d609a4e9.bin.c.frontend.dsm",27
"2a8dc05cca7da24e5feb3b00bffaeeafc069891a.bin.c.frontend.dsm","01a1a5d41cbe4440cc0d0bb35caac0ee696cb973.bin.c.frontend.dsm",35
"2a8dc05cca7da24e5feb3b00bffaeeafc069891a.bin.c.frontend.dsm","0dbaa867c7cc042cb808fc3c605aaf67147104d8.bin.c.frontend.dsm",29
"2a8dc05cca7da24e5feb3b00bffaeeafc069891a.bin.c.frontend.dsm","16a5b22937f848914fbcf214f3f604ee681bb733.bin.c.frontend.dsm",35
"2a8dc05cca7da24e5feb3b00bffaeeafc069891a.bin.c.frontend.dsm","18d4be0d1f9912629496204aea273914d609a4e9.bin.c.frontend.dsm",32
"2a8dc05cca7da24e5feb3b00bffaeeafc069891a.bin.c.frontend.dsm","2a7c74d92f7ded3419c954a68f8758c3ee8f1570.bin.c.frontend.dsm",29
"2b2339f4a4cd623681135596e9ba8ce32c780287.bin.c.frontend.dsm","1d59f49bcaed166e6f75b6a5399aa5e26b6dd250.bin.c.frontend.dsm",94
"2be71064a37adea7288bbe4b53688e7af6ea907e.bin.c.frontend.dsm","214d9d17bd5514fd49ac41bbcf542d1b13f61e5b.bin.c.frontend.dsm",93
"2e90673c9e9066b228cc1ad1b8497ec43be0bdc9.bin.c.frontend.dsm","08305eea2dde7eee051ae2a09232bac50d1043eb.bin.c.frontend.dsm",57
"2e90673c9e9066b228cc1ad1b8497ec43be0bdc9.bin.c.frontend.dsm","2433a61159fb50a0a06f7e80f8547e2a7f8137e6.bin.c.frontend.dsm",46
"2e90673c9e9066b228cc1ad1b8497ec43be0bdc9.bin.c.frontend.dsm","24384c8e4cd421e992aeef1e7ea3db6024703170.bin.c.frontend.dsm",57
"304ddd5e821c485ebc9a733060b41bd5cb03c6db.bin.c.frontend.dsm","138349f9d742adf7917c066ed26dd18b2c709c9e.bin.c.frontend.dsm",94
"307fc36ba169ec523fddff2f2606411a7807d90f.bin.c.frontend.dsm","1ea71919dd9a3cf5f4bba1f8295fb24eecc8182a.bin.c.frontend.dsm",94
"30c23634d91d1b379d404582facabd1ac5cb0216.bin.c.frontend.dsm","08305eea2dde7eee051ae2a09232bac50d1043eb.bin.c.frontend.dsm",44
"30c23634d91d1b379d404582facabd1ac5cb0216.bin.c.frontend.dsm","2433a61159fb50a0a06f7e80f8547e2a7f8137e6.bin.c.frontend.dsm",54
"30c23634d91d1b379d404582facabd1ac5cb0216.bin.c.frontend.dsm","24384c8e4cd421e992aeef1e7ea3db6024703170.bin.c.frontend.dsm",50
"30c23634d91d1b379d404582facabd1ac5cb0216.bin.c.frontend.dsm","2e90673c9e9066b228cc1ad1b8497ec43be0bdc9.bin.c.frontend.dsm",50
"314dc656a17e7f9f9de55dbe334e5bb06fbd0f01.bin.c.frontend.dsm","19c47ad35897cc314d8aa967372a97c70fa1c45f.bin.c.frontend.dsm",33
"33b01196e3184b5b68e80f8cdc5ace34c0ed58a4.bin.c.frontend.dsm","0cd55e8226e43598ddb891ad430b57a451602054.bin.c.frontend.dsm",91
"33b01196e3184b5b68e80f8cdc5ace34c0ed58a4.bin.c.frontend.dsm","160c795330cebe20e16c98a62c6776a9767db7cb.bin.c.frontend.dsm",79
"344d12e864610baf1c2498bac5a376b04340f02a.bin.c.frontend.dsm","01a1a5d41cbe4440cc0d0bb35caac0ee696cb973.bin.c.frontend.dsm",29
"344d12e864610baf1c2498bac5a376b04340f02a.bin.c.frontend.dsm","0dbaa867c7cc042cb808fc3c605aaf67147104d8.bin.c.frontend.dsm",25
"344d12e864610baf1c2498bac5a376b04340f02a.bin.c.frontend.dsm","16a5b22937f848914fbcf214f3f604ee681bb733.bin.c.frontend.dsm",29
"344d12e864610baf1c2498bac5a376b04340f02a.bin.c.frontend.dsm","18d4be0d1f9912629496204aea273914d609a4e9.bin.c.frontend.dsm",29
"344d12e864610baf1c2498bac5a376b04340f02a.bin.c.frontend.dsm","2a7c74d92f7ded3419c954a68f8758c3ee8f1570.bin.c.frontend.dsm",33
"344d12e864610baf1c2498bac5a376b04340f02a.bin.c.frontend.dsm","2a8dc05cca7da24e5feb3b00bffaeeafc069891a.bin.c.frontend.dsm",27
"36ea3cd8be7d7827a7868b105a7f0eb8ce72e6b2.bin.c.frontend.dsm","08305eea2dde7eee051ae2a09232bac50d1043eb.bin.c.frontend.dsm",46
"36ea3cd8be7d7827a7868b105a7f0eb8ce72e6b2.bin.c.frontend.dsm","2433a61159fb50a0a06f7e80f8547e2a7f8137e6.bin.c.frontend.dsm",55
"36ea3cd8be7d7827a7868b105a7f0eb8ce72e6b2.bin.c.frontend.dsm","24384c8e4cd421e992aeef1e7ea3db6024703170.bin.c.frontend.dsm",54
"36ea3cd8be7d7827a7868b105a7f0eb8ce72e6b2.bin.c.frontend.dsm","2e90673c9e9066b228cc1ad1b8497ec43be0bdc9.bin.c.frontend.dsm",46
"36ea3cd8be7d7827a7868b105a7f0eb8ce72e6b2.bin.c.frontend.dsm","30c23634d91d1b379d404582facabd1ac5cb0216.bin.c.frontend.dsm",60
"3abf5262d78cb1230583dec7250f9f4536615afb.bin.c.frontend.dsm","1977f47d680c822dc697d7935ed06b3a8ae7f0cc.bin.c.frontend.dsm",94
"3ae3885fa0ef8d4250581d340ec5347920a2f295.bin.c.frontend.dsm","32a24a52cb65d806b326a0f04e98b885be3ffe86.bin.c.frontend.dsm",96
"3d527332ebb97e6df591331ef0a1f9c82e104a6d.bin.c.frontend.dsm","07a2e69701467dbbe8ab207c0c20c5a21bb75d8c.bin.c.frontend.dsm",96
"3e0dc8ae3f25055a0ea61fdc3b9f18da05ccf5ae.bin.c.frontend.dsm","02912f6bc39635799f0ff64c3c03b67a1af52368.bin.c.frontend.dsm",44
"4412ed969bfdc2dcd3e04450ea474e33678bf1ca.bin.c.frontend.dsm","192dfd2854fe28bdca29278796bd318b0641830b.bin.c.frontend.dsm",74
"464f8640afaed74d6e3d358169229db782aeaf8f.bin.c.frontend.dsm","11cb7ed19e2adaab52a9aae1b6a366f2b0de91aa.bin.c.frontend.dsm",99
"46d023fb937e3558d33d517b4610e962a8967c22.bin.c.frontend.dsm","01a1a5d41cbe4440cc0d0bb35caac0ee696cb973.bin.c.frontend.dsm",32
"46d023fb937e3558d33d517b4610e962a8967c22.bin.c.frontend.dsm","0dbaa867c7cc042cb808fc3c605aaf67147104d8.bin.c.frontend.dsm",32
"46d023fb937e3558d33d517b4610e962a8967c22.bin.c.frontend.dsm","16a5b22937f848914fbcf214f3f604ee681bb733.bin.c.frontend.dsm",32
"46d023fb937e3558d33d517b4610e962a8967c22.bin.c.frontend.dsm","18d4be0d1f9912629496204aea273914d609a4e9.bin.c.frontend.dsm",29
"46d023fb937e3558d33d517b4610e962a8967c22.bin.c.frontend.dsm","2a7c74d92f7ded3419c954a68f8758c3ee8f1570.bin.c.frontend.dsm",25
"46d023fb937e3558d33d517b4610e962a8967c22.bin.c.frontend.dsm","2a8dc05cca7da24e5feb3b00bffaeeafc069891a.bin.c.frontend.dsm",35
"46d023fb937e3558d33d517b4610e962a8967c22.bin.c.frontend.dsm","344d12e864610baf1c2498bac5a376b04340f02a.bin.c.frontend.dsm",30
"46e61c2066d775f6e191942201bf43374f8edd6c.bin.c.frontend.dsm","3d162d9d02bb5da6c73f11983f9b55ffccb6164c.bin.c.frontend.dsm",32
"479d4fd64bbab6ccb1e7d22eac7b281590d2bf05.bin.c.frontend.dsm","4094c9cf2f6edf64bb448460babcb316f6e563ab.bin.c.frontend.dsm",82
"4c88311a6c4c6d910eb7bebcb7b4145ab2d6a1c7.bin.c.frontend.dsm","0cd55e8226e43598ddb891ad430b57a451602054.bin.c.frontend.dsm",82
"4c88311a6c4c6d910eb7bebcb7b4145ab2d6a1c7.bin.c.frontend.dsm","160c795330cebe20e16c98a62c6776a9767db7cb.bin.c.frontend.dsm",96
"4c88311a6c4c6d910eb7bebcb7b4145ab2d6a1c7.bin.c.frontend.dsm","33b01196e3184b5b68e80f8cdc5ace34c0ed58a4.bin.c.frontend.dsm",79
"4db7a4cdafc0b0c840713e6077adcff6b66f19e1.bin.c.frontend.dsm","36eae9b881af69cb92e1129608866825085742be.bin.c.frontend.dsm",93
"51471ce77db93495c3662a769c2ba2eead126aa1.bin.c.frontend.dsm","32a24a52cb65d806b326a0f04e98b885be3ffe86.bin.c.frontend.dsm",82
"51471ce77db93495c3662a769c2ba2eead126aa1.bin.c.frontend.dsm","3ae3885fa0ef8d4250581d340ec5347920a2f295.bin.c.frontend.dsm",83
"51d528a58169e14d09cdb42028a45cb507291a64.bin.c.frontend.dsm","3d162d9d02bb5da6c73f11983f9b55ffccb6164c.bin.c.frontend.dsm",40
"51d528a58169e14d09cdb42028a45cb507291a64.bin.c.frontend.dsm","46e61c2066d775f6e191942201bf43374f8edd6c.bin.c.frontend.dsm",33
"51d833ed3a83f0dc7699cfe2ef887b3393b5ba3f.bin.c.frontend.dsm","4094c9cf2f6edf64bb448460babcb316f6e563ab.bin.c.frontend.dsm",88
"51d833ed3a83f0dc7699cfe2ef887b3393b5ba3f.bin.c.frontend.dsm","479d4fd64bbab6ccb1e7d22eac7b281590d2bf05.bin.c.frontend.dsm",83
"52b9a73a9be9407ee5e4c4de4224183adae04a0e.bin.c.frontend.dsm","4094c9cf2f6edf64bb448460babcb316f6e563ab.bin.c.frontend.dsm",82
"52b9a73a9be9407ee5e4c4de4224183adae04a0e.bin.c.frontend.dsm","479d4fd64bbab6ccb1e7d22eac7b281590d2bf05.bin.c.frontend.dsm",96
"52b9a73a9be9407ee5e4c4de4224183adae04a0e.bin.c.frontend.dsm","51d833ed3a83f0dc7699cfe2ef887b3393b5ba3f.bin.c.frontend.dsm",83
"53396fea432f1db29fff049124ba5e986785e570.bin.c.frontend.dsm","0b2af9053ef2b5261c5ef451a4fd843614b3063a.bin.c.frontend.dsm",96
"53396fea432f1db29fff049124ba5e986785e570.bin.c.frontend.dsm","12f650ad8f51fd2023df910783daef16ce467413.bin.c.frontend.dsm",74
"541213a25d1bc8d64f97c596bc015119b418a731.bin.c.frontend.dsm","2735b3938dd81a58ebf5f9e676a4ec272e974453.bin.c.frontend.dsm",93
"56cc271b2a8d22f032eb4196cd342cd479952d27.bin.c.frontend.dsm","2735b3938dd81a58ebf5f9e676a4ec272e974453.bin.c.frontend.dsm",96
"56cc271b2a8d22f032eb4196cd342cd479952d27.bin.c.frontend.dsm","541213a25d1bc8d64f97c596bc015119b418a731.bin.c.frontend.dsm",93
"58e418818db0daec24e309d6d9d62da0d896df4f.bin.c.frontend.dsm","08305eea2dde7eee051ae2a09232bac50d1043eb.bin.c.frontend.dsm",46
"58e418818db0daec24e309d6d9d62da0d896df4f.bin.c.frontend.dsm","2433a61159fb50a0a06f7e80f8547e2a7f8137e6.bin.c.frontend.dsm",97
"58e418818db0daec24e309d6d9d62da0d896df4f.bin.c.frontend.dsm","24384c8e4cd421e992aeef1e7ea3db6024703170.bin.c.frontend.dsm",46
"58e418818db0daec24e309d6d9d62da0d896df4f.bin.c.frontend.dsm","2e90673c9e9066b228cc1ad1b8497ec43be0bdc9.bin.c.frontend.dsm",46
"58e418818db0daec24e309d6d9d62da0d896df4f.bin.c.frontend.dsm","30c23634d91d1b379d404582facabd1ac5cb0216.bin.c.frontend.dsm",54
"58e418818db0daec24e309d6d9d62da0d896df4f.bin.c.frontend.dsm","36ea3cd8be7d7827a7868b105a7f0eb8ce72e6b2.bin.c.frontend.dsm",55
"59a53412594d233e60e332f49ab888bfaf98793f.bin.c.frontend.dsm","0c1675bf83c5031b3df8db0cba04400af169d9a6.bin.c.frontend.dsm",94
"59a53412594d233e60e332f49ab888bfaf98793f.bin.c.frontend.dsm","1089a63ab161fb356aef103f250d752f48237a40.bin.c.frontend.dsm",94
"59a53412594d233e60e332f49ab888bfaf98793f.bin.c.frontend.dsm","11a26fc1f8b89ed0c9b5b444e98360b5cfe7af43.bin.c.frontend.dsm",94
"5a6dd7066d9a76a364ec129c3d7cb6e7079a393f.bin.c.frontend.dsm","01a1a5d41cbe4440cc0d0bb35caac0ee696cb973.bin.c.frontend.dsm",66
"5a6dd7066d9a76a364ec129c3d7cb6e7079a393f.bin.c.frontend.dsm","0dbaa867c7cc042cb808fc3c605aaf67147104d8.bin.c.frontend.dsm",30
"5a6dd7066d9a76a364ec129c3d7cb6e7079a393f.bin.c.frontend.dsm","16a5b22937f848914fbcf214f3f604ee681bb733.bin.c.frontend.dsm",68
"5a6dd7066d9a76a364ec129c3d7cb6e7079a393f.bin.c.frontend.dsm","18d4be0d1f9912629496204aea273914d609a4e9.bin.c.frontend.dsm",27
"5a6dd7066d9a76a364ec129c3d7cb6e7079a393f.bin.c.frontend.dsm","2a7c74d92f7ded3419c954a68f8758c3ee8f1570.bin.c.frontend.dsm",27
"5a6dd7066d9a76a364ec129c3d7cb6e7079a393f.bin.c.frontend.dsm","2a8dc05cca7da24e5feb3b00bffaeeafc069891a.bin.c.frontend.dsm",27
"5a6dd7066d9a76a364ec129c3d7cb6e7079a393f.bin.c.frontend.dsm","344d12e864610baf1c2498bac5a376b04340f02a.bin.c.frontend.dsm",32
"5a6dd7066d9a76a364ec129c3d7cb6e7079a393f.bin.c.frontend.dsm","46d023fb937e3558d33d517b4610e962a8967c22.bin.c.frontend.dsm",27
"5a71c1663342718f450e34ee8c37f99e973aabba.bin.c.frontend.dsm","3d162d9d02bb5da6c73f11983f9b55ffccb6164c.bin.c.frontend.dsm",38
"5a71c1663342718f450e34ee8c37f99e973aabba.bin.c.frontend.dsm","46e61c2066d775f6e191942201bf43374f8edd6c.bin.c.frontend.dsm",49
"5a71c1663342718f450e34ee8c37f99e973aabba.bin.c.frontend.dsm","51d528a58169e14d09cdb42028a45cb507291a64.bin.c.frontend.dsm",33
"5baf264ade4870abe5479fd38655600e2c448c0a.bin.c.frontend.dsm","1ea71919dd9a3cf5f4bba1f8295fb24eecc8182a.bin.c.frontend.dsm",94
"5baf264ade4870abe5479fd38655600e2c448c0a.bin.c.frontend.dsm","307fc36ba169ec523fddff2f2606411a7807d90f.bin.c.frontend.dsm",97
"5c446dc332ed3ac2fc9f8d432bf9b3c097734b92.bin.c.frontend.dsm","2fa5b7acb314ab50b8b689f645d748bec6440b66.bin.c.frontend.dsm",85
"5f7a4bfaccf58656fea7b757254357e23ed5e5a7.bin.c.frontend.dsm","15fd4935619852b8e4314df73f03fe2a5cab079f.bin.c.frontend.dsm",93
"5f7a4bfaccf58656fea7b757254357e23ed5e5a7.bin.c.frontend.dsm","29ed5fa9050bafa663b11d814e48f7ac9fc23948.bin.c.frontend.dsm",46
"5fb87d5195a5b4e726e87558ec091c67f529d818.bin.c.frontend.dsm","22e9747e5e945932542b68d812ef5e2faaf445cf.bin.c.frontend.dsm",97
"60250c9141fad0809220866fa51e940e70390121.bin.c.frontend.dsm","07a2e69701467dbbe8ab207c0c20c5a21bb75d8c.bin.c.frontend.dsm",96
"60250c9141fad0809220866fa51e940e70390121.bin.c.frontend.dsm","3d527332ebb97e6df591331ef0a1f9c82e104a6d.bin.c.frontend.dsm",96
"62a6ba232885ebf99bd41097a7c4b67ae54bb4f0.bin.c.frontend.dsm","2b649dfdb041915629528795d644fe1ee4519df0.bin.c.frontend.dsm",83
"6390b692fd251a6213f6e9d4633799ddb46d09df.bin.c.frontend.dsm","2cd80efd2a943dde20a8fc2671ac684e9553847d.bin.c.frontend.dsm",96
"6536560d039df6626f242f5e41a8ff32cb284b8b.bin.c.frontend.dsm","16bb1062a8888d5fbf3a68fc88a787b4ed9392a3.bin.c.frontend.dsm",97
"65877054b95762dc4ee2f702518953f7fd3b3375.bin.c.frontend.dsm","4715338c9a5985788dd1bf8977febd6ea2ce2ab8.bin.c.frontend.dsm",97
"65b97feef6be8f00fd513e6f5a905cccf46a2a74.bin.c.frontend.dsm","1c4d5f9e848fd8356a6984d87790b38370595654.bin.c.frontend.dsm",90
"67e000098151c0a982d6bac879eda53b38191a83.bin.c.frontend.dsm","07a2e69701467dbbe8ab207c0c20c5a21bb75d8c.bin.c.frontend.dsm",72
"67e000098151c0a982d6bac879eda53b38191a83.bin.c.frontend.dsm","3d527332ebb97e6df591331ef0a1f9c82e104a6d.bin.c.frontend.dsm",61
"67e000098151c0a982d6bac879eda53b38191a83.bin.c.frontend.dsm","60250c9141fad0809220866fa51e940e70390121.bin.c.frontend.dsm",61
"68991bca30529c622f5191a77497784047473fcd.bin.c.frontend.dsm","3aa8499afef049d1b0d4377924797ccd4aaf7a49.bin.c.frontend.dsm",90
"6907e6dd2c84f76ec92d2012f53d315def4498df.bin.c.frontend.dsm","1ea71919dd9a3cf5f4bba1f8295fb24eecc8182a.bin.c.frontend.dsm",94
"6907e6dd2c84f76ec92d2012f53d315def4498df.bin.c.frontend.dsm","307fc36ba169ec523fddff2f2606411a7807d90f.bin.c.frontend.dsm",94
"6907e6dd2c84f76ec92d2012f53d315def4498df.bin.c.frontend.dsm","5baf264ade4870abe5479fd38655600e2c448c0a.bin.c.frontend.dsm",94
"6c85dc8d17edbdd216a136c4cef22513db3888a0.bin.c.frontend.dsm","01a1a5d41cbe4440cc0d0bb35caac0ee696cb973.bin.c.frontend.dsm",29
"6c85dc8d17edbdd216a136c4cef22513db3888a0.bin.c.frontend.dsm","0dbaa867c7cc042cb808fc3c605aaf67147104d8.bin.c.frontend.dsm",27
"6c85dc8d17edbdd216a136c4cef22513db3888a0.bin.c.frontend.dsm","16a5b22937f848914fbcf214f3f604ee681bb733.bin.c.frontend.dsm",27
"6c85dc8d17edbdd216a136c4cef22513db3888a0.bin.c.frontend.dsm","18d4be0d1f9912629496204aea273914d609a4e9.bin.c.frontend.dsm",27
"6c85dc8d17edbdd216a136c4cef22513db3888a0.bin.c.frontend.dsm","2a7c74d92f7ded3419c954a68f8758c3ee8f1570.bin.c.frontend.dsm",25
"6c85dc8d17edbdd216a136c4cef22513db3888a0.bin.c.frontend.dsm","2a8dc05cca7da24e5feb3b00bffaeeafc069891a.bin.c.frontend.dsm",29
"6c85dc8d17edbdd216a136c4cef22513db3888a0.bin.c.frontend.dsm","344d12e864610baf1c2498bac5a376b04340f02a.bin.c.frontend.dsm",24
"6c85dc8d17edbdd216a136c4cef22513db3888a0.bin.c.frontend.dsm","46d023fb937e3558d33d517b4610e962a8967c22.bin.c.frontend.dsm",40
"6c85dc8d17edbdd216a136c4cef22513db3888a0.bin.c.frontend.dsm","5a6dd7066d9a76a364ec129c3d7cb6e7079a393f.bin.c.frontend.dsm",27
"6ca97e1e4468d4b81ff8e076fa76789871181f7a.bin.c.frontend.dsm","642ab295f9193c6897a289c96ba4112648e271b3.bin.c.frontend.dsm",65
"6dea3106a901a13b10e3bfffd770647c79254bf9.bin.c.frontend.dsm","36eae9b881af69cb92e1129608866825085742be.bin.c.frontend.dsm",94
"6dea3106a901a13b10e3bfffd770647c79254bf9.bin.c.frontend.dsm","4db7a4cdafc0b0c840713e6077adcff6b66f19e1.bin.c.frontend.dsm",93
"6edeccd69ffa555a0c48e36bc97b84ca9c46447f.bin.c.frontend.dsm","0c1675bf83c5031b3df8db0cba04400af169d9a6.bin.c.frontend.dsm",58
"6edeccd69ffa555a0c48e36bc97b84ca9c46447f.bin.c.frontend.dsm","1089a63ab161fb356aef103f250d752f48237a40.bin.c.frontend.dsm",58
"6edeccd69ffa555a0c48e36bc97b84ca9c46447f.bin.c.frontend.dsm","11a26fc1f8b89ed0c9b5b444e98360b5cfe7af43.bin.c.frontend.dsm",58
"6edeccd69ffa555a0c48e36bc97b84ca9c46447f.bin.c.frontend.dsm","59a53412594d233e60e332f49ab888bfaf98793f.bin.c.frontend.dsm",58
"6f013d0304c86605cd9a45a88e61639f126e3311.bin.c.frontend.dsm","02fae19667796e24c462c76aa3a368ec60eaa208.bin.c.frontend.dsm",66
"6f19d4513e1543ea4677c7999ae30d41e06e73b7.bin.c.frontend.dsm","4af91377c14f894f1325f73cb639adcebf2e8a55.bin.c.frontend.dsm",96
"6f8606d56405193773bda562ee7397ac521a57c6.bin.c.frontend.dsm","1ea71919dd9a3cf5f4bba1f8295fb24eecc8182a.bin.c.frontend.dsm",94
"6f8606d56405193773bda562ee7397ac521a57c6.bin.c.frontend.dsm","307fc36ba169ec523fddff2f2606411a7807d90f.bin.c.frontend.dsm",94
"6f8606d56405193773bda562ee7397ac521a57c6.bin.c.frontend.dsm","5baf264ade4870abe5479fd38655600e2c448c0a.bin.c.frontend.dsm",94
"6f8606d56405193773bda562ee7397ac521a57c6.bin.c.frontend.dsm","6907e6dd2c84f76ec92d2012f53d315def4498df.bin.c.frontend.dsm",94
"710fbc7b0f907f77a0a68904261754b6c3ea1d2f.bin.c.frontend.dsm","397645c46a20ae231863ea91882850dd3ba25ea7.bin.c.frontend.dsm",74
"7169fd7fda95653d5d06ec4651dfc9ab4b826ca1.bin.c.frontend.dsm","5ce0be8349b8d34dd5a0e8bc819aba10ff4299ad.bin.c.frontend.dsm",46
"719e0fef413c73b233020d163a87beeddcc2dfa2.bin.c.frontend.dsm","4de7b8415e391435bc8182d1e8309d3e4bb0f05e.bin.c.frontend.dsm",93
"7293375fc2e4e072c6117a23fa181296f7c36ef5.bin.c.frontend.dsm","017ddbe8a623a45b07f9af5e2870d3ca3ef9cfc4.bin.c.frontend.dsm",46
"7293375fc2e4e072c6117a23fa181296f7c36ef5.bin.c.frontend.dsm","1fec1cc4bc9044d38a80c45d74ab796179ea7ec2.bin.c.frontend.dsm",96
"72dbf7608619221213321f76f567cfd4810dc0a4.bin.c.frontend.dsm","01a1a5d41cbe4440cc0d0bb35caac0ee696cb973.bin.c.frontend.dsm",25
"72dbf7608619221213321f76f567cfd4810dc0a4.bin.c.frontend.dsm","0dbaa867c7cc042cb808fc3c605aaf67147104d8.bin.c.frontend.dsm",32
"72dbf7608619221213321f76f567cfd4810dc0a4.bin.c.frontend.dsm","16a5b22937f848914fbcf214f3f604ee681bb733.bin.c.frontend.dsm",25
"72dbf7608619221213321f76f567cfd4810dc0a4.bin.c.frontend.dsm","18d4be0d1f9912629496204aea273914d609a4e9.bin.c.frontend.dsm",32
"72dbf7608619221213321f76f567cfd4810dc0a4.bin.c.frontend.dsm","2a7c74d92f7ded3419c954a68f8758c3ee8f1570.bin.c.frontend.dsm",27
"72dbf7608619221213321f76f567cfd4810dc0a4.bin.c.frontend.dsm","2a8dc05cca7da24e5feb3b00bffaeeafc069891a.bin.c.frontend.dsm",33
"72dbf7608619221213321f76f567cfd4810dc0a4.bin.c.frontend.dsm","344d12e864610baf1c2498bac5a376b04340f02a.bin.c.frontend.dsm",25
"72dbf7608619221213321f76f567cfd4810dc0a4.bin.c.frontend.dsm","46d023fb937e3558d33d517b4610e962a8967c22.bin.c.frontend.dsm",27
"72dbf7608619221213321f76f567cfd4810dc0a4.bin.c.frontend.dsm","5a6dd7066d9a76a364ec129c3d7cb6e7079a393f.bin.c.frontend.dsm",27
"72dbf7608619221213321f76f567cfd4810dc0a4.bin.c.frontend.dsm","6c85dc8d17edbdd216a136c4cef22513db3888a0.bin.c.frontend.dsm",25
"74545d35895572e5cabc2f13c73d3f44a878cef1.bin.c.frontend.dsm","15fd4935619852b8e4314df73f03fe2a5cab079f.bin.c.frontend.dsm",93
"74545d35895572e5cabc2f13c73d3f44a878cef1.bin.c.frontend.dsm","29ed5fa9050bafa663b11d814e48f7ac9fc23948.bin.c.frontend.dsm",46
"74545d35895572e5cabc2f13c73d3f44a878cef1.bin.c.frontend.dsm","5f7a4bfaccf58656fea7b757254357e23ed5e5a7.bin.c.frontend.dsm",93
"74ba02ad361471288443f4d070eb62413c496657.bin.c.frontend.dsm","3d162d9d02bb5da6c73f11983f9b55ffccb6164c.bin.c.frontend.dsm",97
"74ba02ad361471288443f4d070eb62413c496657.bin.c.frontend.dsm","46e61c2066d775f6e191942201bf43374f8edd6c.bin.c.frontend.dsm",33
"74ba02ad361471288443f4d070eb62413c496657.bin.c.frontend.dsm","51d528a58169e14d09cdb42028a45cb507291a64.bin.c.frontend.dsm",40
"74ba02ad361471288443f4d070eb62413c496657.bin.c.frontend.dsm","5a71c1663342718f450e34ee8c37f99e973aabba.bin.c.frontend.dsm",38
"7738be78619d4db96000d256fcfd5b54b6ed9f60.bin.c.frontend.dsm","1d59f49bcaed166e6f75b6a5399aa5e26b6dd250.bin.c.frontend.dsm",94
"7738be78619d4db96000d256fcfd5b54b6ed9f60.bin.c.frontend.dsm","2b2339f4a4cd623681135596e9ba8ce32c780287.bin.c.frontend.dsm",94
"775eb0f3116d5dc690dca08be8e124c69a64edf0.bin.c.frontend.dsm","5db8c01df0a1b620ccc0024ee463107860253478.bin.c.frontend.dsm",77
"7915450c9f2351236e3fc1cdf46e221526072193.bin.c.frontend.dsm","01a1a5d41cbe4440cc0d0bb35caac0ee696cb973.bin.c.frontend.dsm",27
"7915450c9f2351236e3fc1cdf46e221526072193.bin.c.frontend.dsm","0dbaa867c7cc042cb808fc3c605aaf67147104d8.bin.c.frontend.dsm",29
"7915450c9f2351236e3fc1cdf46e221526072193.bin.c.frontend.dsm","16a5b22937f848914fbcf214f3f604ee681bb733.bin.c.frontend.dsm",27
"7915450c9f2351236e3fc1cdf46e221526072193.bin.c.frontend.dsm","18d4be0d1f9912629496204aea273914d609a4e9.bin.c.frontend.dsm",35
"7915450c9f2351236e3fc1cdf46e221526072193.bin.c.frontend.dsm","2a7c74d92f7ded3419c954a68f8758c3ee8f1570.bin.c.frontend.dsm",25
"7915450c9f2351236e3fc1cdf46e221526072193.bin.c.frontend.dsm","2a8dc05cca7da24e5feb3b00bffaeeafc069891a.bin.c.frontend.dsm",35
"7915450c9f2351236e3fc1cdf46e221526072193.bin.c.frontend.dsm","344d12e864610baf1c2498bac5a376b04340f02a.bin.c.frontend.dsm",25
"7915450c9f2351236e3fc1cdf46e221526072193.bin.c.frontend.dsm","46d023fb937e3558d33d517b4610e962a8967c22.bin.c.frontend.dsm",25
"7915450c9f2351236e3fc1cdf46e221526072193.bin.c.frontend.dsm","5a6dd7066d9a76a364ec129c3d7cb6e7079a393f.bin.c.frontend.dsm",25
"7915450c9f2351236e3fc1cdf46e221526072193.bin.c.frontend.dsm","6c85dc8d17edbdd216a136c4cef22513db3888a0.bin.c.frontend.dsm",27
"7915450c9f2351236e3fc1cdf46e221526072193.bin.c.frontend.dsm","72dbf7608619221213321f76f567cfd4810dc0a4.bin.c.frontend.dsm",32
"797d276abae39c8615a589e13cb6f7934c1c3135.bin.c.frontend.dsm","3d162d9d02bb5da6c73f11983f9b55ffccb6164c.bin.c.frontend.dsm",35
"797d276abae39c8615a589e13cb6f7934c1c3135.bin.c.frontend.dsm","46e61c2066d775f6e191942201bf43374f8edd6c.bin.c.frontend.dsm",38
"797d276abae39c8615a589e13cb6f7934c1c3135.bin.c.frontend.dsm","51d528a58169e14d09cdb42028a45cb507291a64.bin.c.frontend.dsm",35
"797d276abae39c8615a589e13cb6f7934c1c3135.bin.c.frontend.dsm","5a71c1663342718f450e34ee8c37f99e973aabba.bin.c.frontend.dsm",32
"797d276abae39c8615a589e13cb6f7934c1c3135.bin.c.frontend.dsm","74ba02ad361471288443f4d070eb62413c496657.bin.c.frontend.dsm",38
"7bcc09b58655fccd00c50a4f3c6fda835355ef47.bin.c.frontend.dsm","0c1675bf83c5031b3df8db0cba04400af169d9a6.bin.c.frontend.dsm",94
"7bcc09b58655fccd00c50a4f3c6fda835355ef47.bin.c.frontend.dsm","1089a63ab161fb356aef103f250d752f48237a40.bin.c.frontend.dsm",94
"7bcc09b58655fccd00c50a4f3c6fda835355ef47.bin.c.frontend.dsm","11a26fc1f8b89ed0c9b5b444e98360b5cfe7af43.bin.c.frontend.dsm",94
"7bcc09b58655fccd00c50a4f3c6fda835355ef47.bin.c.frontend.dsm","59a53412594d233e60e332f49ab888bfaf98793f.bin.c.frontend.dsm",94
"7bcc09b58655fccd00c50a4f3c6fda835355ef47.bin.c.frontend.dsm","6edeccd69ffa555a0c48e36bc97b84ca9c46447f.bin.c.frontend.dsm",58
"802f362b4a4b6cdab5b2ad715381501f6b598c99.bin.c.frontend.dsm","0b45a141987028f442f1bb14fec38b5d2c5c9fc3.bin.c.frontend.dsm",32
"80b60a1fe54f87b0f0238e9da326e4c89c7a00dc.bin.c.frontend.dsm","4de7b8415e391435bc8182d1e8309d3e4bb0f05e.bin.c.frontend.dsm",96
"80b60a1fe54f87b0f0238e9da326e4c89c7a00dc.bin.c.frontend.dsm","719e0fef413c73b233020d163a87beeddcc2dfa2.bin.c.frontend.dsm",93
"83012823d09338ffcaf7be7dd4a8dc39ce47192b.bin.c.frontend.dsm","7e4ade2a48efbbc22640ac0ebe733dd4ab23a7ab.bin.c.frontend.dsm",97
"842f6452c1e4802541bafd5755a31d3d778400c4.bin.c.frontend.dsm","0ec2b08830e49ed9705edd85b6e7f0650ce68137.bin.c.frontend.dsm",52
"842f6452c1e4802541bafd5755a31d3d778400c4.bin.c.frontend.dsm","0fa1516714546998c360a143389614bf449ba2ac.bin.c.frontend.dsm",52
"842f6452c1e4802541bafd5755a31d3d778400c4.bin.c.frontend.dsm","13d74ea350aa821decd459a35ef0c38538837953.bin.c.frontend.dsm",52
"858dbf566e44f0e2df4b43dc28acd78d009f554f.bin.c.frontend.dsm","404ad141b20ff5948937b6b35e118ba3ace279ed.bin.c.frontend.dsm",58
"8764cea4414c3f58a0f773ced36608e443e73a19.bin.c.frontend.dsm","312c8346ccb5ad6ed7ace9ce1e569300619697e3.bin.c.frontend.dsm",97
"8a44a65cbf77e0fc4fbaf95ed810b1a5597178ac.bin.c.frontend.dsm","65d5865f054f7c9ca8f2baf38f2afc54c31f8b33.bin.c.frontend.dsm",97
"8a53059c3d6977343a0e63f1041a972e2438b234.bin.c.frontend.dsm","2735b3938dd81a58ebf5f9e676a4ec272e974453.bin.c.frontend.dsm",93
"8a53059c3d6977343a0e63f1041a972e2438b234.bin.c.frontend.dsm","541213a25d1bc8d64f97c596bc015119b418a731.bin.c.frontend.dsm",97
"8a53059c3d6977343a0e63f1041a972e2438b234.bin.c.frontend.dsm","56cc271b2a8d22f032eb4196cd342cd479952d27.bin.c.frontend.dsm",93
"8a942db441285e8c668ca0d88db132a0d55b67bd.bin.c.frontend.dsm","07a2e69701467dbbe8ab207c0c20c5a21bb75d8c.bin.c.frontend.dsm",96
"8a942db441285e8c668ca0d88db132a0d55b67bd.bin.c.frontend.dsm","3d527332ebb97e6df591331ef0a1f9c82e104a6d.bin.c.frontend.dsm",96
"8a942db441285e8c668ca0d88db132a0d55b67bd.bin.c.frontend.dsm","60250c9141fad0809220866fa51e940e70390121.bin.c.frontend.dsm",96
"8a942db441285e8c668ca0d88db132a0d55b67bd.bin.c.frontend.dsm","67e000098151c0a982d6bac879eda53b38191a83.bin.c.frontend.dsm",61
"8b0fc1e96cb7a985b82f86e32e43cbf02f9c2017.bin.c.frontend.dsm","5ce0be8349b8d34dd5a0e8bc819aba10ff4299ad.bin.c.frontend.dsm",46
"8b0fc1e96cb7a985b82f86e32e43cbf02f9c2017.bin.c.frontend.dsm","7169fd7fda95653d5d06ec4651dfc9ab4b826ca1.bin.c.frontend.dsm",97
"8b181f44a7d09607396b71efb5a3838fba2211c2.bin.c.frontend.dsm","70374ef5f0c1edc2218bf2d8e6f5710a98a039ba.bin.c.frontend.dsm",97
"8bb5b1e790d99b80388d71f3888c1c41b3bbc5d4.bin.c.frontend.dsm","15fd4935619852b8e4314df73f03fe2a5cab079f.bin.c.frontend.dsm",46
"8bb5b1e790d99b80388d71f3888c1c41b3bbc5d4.bin.c.frontend.dsm","29ed5fa9050bafa663b11d814e48f7ac9fc23948.bin.c.frontend.dsm",90
"8bb5b1e790d99b80388d71f3888c1c41b3bbc5d4.bin.c.frontend.dsm","5f7a4bfaccf58656fea7b757254357e23ed5e5a7.bin.c.frontend.dsm",46
"8bb5b1e790d99b80388d71f3888c1c41b3bbc5d4.bin.c.frontend.dsm","74545d35895572e5cabc2f13c73d3f44a878cef1.bin.c.frontend.dsm",46
"8d27b3a01b9fe8dadadc3c19f9fc8d118ee3b6f9.bin.c.frontend.dsm","4fb3eec528dbd204326cc9f3352be31549a8afe7.bin.c.frontend.dsm",32
"9601127ac0e1eeae8295ee802e9697e81e256415.bin.c.frontend.dsm","01a1a5d41cbe4440cc0d0bb35caac0ee696cb973.bin.c.frontend.dsm",65
"9601127ac0e1eeae8295ee802e9697e81e256415.bin.c.frontend.dsm","0dbaa867c7cc042cb808fc3c605aaf67147104d8.bin.c.frontend.dsm",25
"9601127ac0e1eeae8295ee802e9697e81e256415.bin.c.frontend.dsm","16a5b22937f848914fbcf214f3f604ee681bb733.bin.c.frontend.dsm",63
"9601127ac0e1eeae8295ee802e9697e81e256415.bin.c.frontend.dsm","18d4be0d1f9912629496204aea273914d609a4e9.bin.c.frontend.dsm",27
"9601127ac0e1eeae8295ee802e9697e81e256415.bin.c.frontend.dsm","2a7c74d92f7ded3419c954a68f8758c3ee8f1570.bin.c.frontend.dsm",27
"9601127ac0e1eeae8295ee802e9697e81e256415.bin.c.frontend.dsm","2a8dc05cca7da24e5feb3b00bffaeeafc069891a.bin.c.frontend.dsm",32
"9601127ac0e1eeae8295ee802e9697e81e256415.bin.c.frontend.dsm","344d12e864610baf1c2498bac5a376b04340f02a.bin.c.frontend.dsm",25
"9601127ac0e1eeae8295ee802e9697e81e256415.bin.c.frontend.dsm","46d023fb937e3558d33d517b4610e962a8967c22.bin.c.frontend.dsm",30
"9601127ac0e1eeae8295ee802e9697e81e256415.bin.c.frontend.dsm","5a6dd7066d9a76a364ec129c3d7cb6e7079a393f.bin.c.frontend.dsm",66
"9601127ac0e1eeae8295ee802e9697e81e256415.bin.c.frontend.dsm","6c85dc8d17edbdd216a136c4cef22513db3888a0.bin.c.frontend.dsm",27
"9601127ac0e1eeae8295ee802e9697e81e256415.bin.c.frontend.dsm","72dbf7608619221213321f76f567cfd4810dc0a4.bin.c.frontend.dsm",25
"9601127ac0e1eeae8295ee802e9697e81e256415.bin.c.frontend.dsm","7915450c9f2351236e3fc1cdf46e221526072193.bin.c.frontend.dsm",27
"9754663577b2c3801f83cff9aa6f5ef0aeeb2966.bin.c.frontend.dsm","1d59f49bcaed166e6f75b6a5399aa5e26b6dd250.bin.c.frontend.dsm",97
"9754663577b2c3801f83cff9aa6f5ef0aeeb2966.bin.c.frontend.dsm","2b2339f4a4cd623681135596e9ba8ce32c780287.bin.c.frontend.dsm",94
"9754663577b2c3801f83cff9aa6f5ef0aeeb2966.bin.c.frontend.dsm","7738be78619d4db96000d256fcfd5b54b6ed9f60.bin.c.frontend.dsm",94
"9924f9992f89844a80127b6babe261f94b550137.bin.c.frontend.dsm","2735b3938dd81a58ebf5f9e676a4ec272e974453.bin.c.frontend.dsm",58
"9924f9992f89844a80127b6babe261f94b550137.bin.c.frontend.dsm","541213a25d1bc8d64f97c596bc015119b418a731.bin.c.frontend.dsm",58
"9924f9992f89844a80127b6babe261f94b550137.bin.c.frontend.dsm","56cc271b2a8d22f032eb4196cd342cd479952d27.bin.c.frontend.dsm",58
"9924f9992f89844a80127b6babe261f94b550137.bin.c.frontend.dsm","8a53059c3d6977343a0e63f1041a972e2438b234.bin.c.frontend.dsm",58
"9b6245be8bca48e77b17bf20f0254abd67d30b44.bin.c.frontend.dsm","0c7cb2f3e0ebefe13a6edc39876e958577d62a3a.bin.c.frontend.dsm",97
"9c84248c530ae23852e3f0b45a7545023f6d8ad5.bin.c.frontend.dsm","315f9a34d73be5899698ac52c61f57df82fff1da.bin.c.frontend.dsm",88
"9c97c5c6bd326b9181b27ae0097824f7805bb876.bin.c.frontend.dsm","0cd55e8226e43598ddb891ad430b57a451602054.bin.c.frontend.dsm",96
"9c97c5c6bd326b9181b27ae0097824f7805bb876.bin.c.frontend.dsm","160c795330cebe20e16c98a62c6776a9767db7cb.bin.c.frontend.dsm",82
"9c97c5c6bd326b9181b27ae0097824f7805bb876.bin.c.frontend.dsm","33b01196e3184b5b68e80f8cdc5ace34c0ed58a4.bin.c.frontend.dsm",91
"9c97c5c6bd326b9181b27ae0097824f7805bb876.bin.c.frontend.dsm","4c88311a6c4c6d910eb7bebcb7b4145ab2d6a1c7.bin.c.frontend.dsm",82
"a0e1264efbad06856d773ccc9cfe4e4e0a434d17.bin.c.frontend.dsm","18ccd2742c877e601e9c39ed33c49da3e7a430f2.bin.c.frontend.dsm",96
"a0e1264efbad06856d773ccc9cfe4e4e0a434d17.bin.c.frontend.dsm","245334c0b0398a1777986ae79d282a0b941e77f9.bin.c.frontend.dsm",94
"a1d4008c8c5aabbc1e7a42c53616cfdf42eda681.bin.c.frontend.dsm","6e217f7504f492508c50ed4bdb620712b2de9f34.bin.c.frontend.dsm",47
"a22b483486b3782fd03f1b1a31226963ea094e6e.bin.c.frontend.dsm","01a1a5d41cbe4440cc0d0bb35caac0ee696cb973.bin.c.frontend.dsm",66
"a22b483486b3782fd03f1b1a31226963ea094e6e.bin.c.frontend.dsm","0dbaa867c7cc042cb808fc3c605aaf67147104d8.bin.c.frontend.dsm",30
"a22b483486b3782fd03f1b1a31226963ea094e6e.bin.c.frontend.dsm","16a5b22937f848914fbcf214f3f604ee681bb733.bin.c.frontend.dsm",68
"a22b483486b3782fd03f1b1a31226963ea094e6e.bin.c.frontend.dsm","18d4be0d1f9912629496204aea273914d609a4e9.bin.c.frontend.dsm",27
"a22b483486b3782fd03f1b1a31226963ea094e6e.bin.c.frontend.dsm","2a7c74d92f7ded3419c954a68f8758c3ee8f1570.bin.c.frontend.dsm",27
"a22b483486b3782fd03f1b1a31226963ea094e6e.bin.c.frontend.dsm","2a8dc05cca7da24e5feb3b00bffaeeafc069891a.bin.c.frontend.dsm",27
"a22b483486b3782fd03f1b1a31226963ea094e6e.bin.c.frontend.dsm","344d12e864610baf1c2498bac5a376b04340f02a.bin.c.frontend.dsm",32
"a22b483486b3782fd03f1b1a31226963ea094e6e.bin.c.frontend.dsm","46d023fb937e3558d33d517b4610e962a8967c22.bin.c.frontend.dsm",27
"a22b483486b3782fd03f1b1a31226963ea094e6e.bin.c.frontend.dsm","5a6dd7066d9a76a364ec129c3d7cb6e7079a393f.bin.c.frontend.dsm",97
"a22b483486b3782fd03f1b1a31226963ea094e6e.bin.c.frontend.dsm","6c85dc8d17edbdd216a136c4cef22513db3888a0.bin.c.frontend.dsm",27
"a22b483486b3782fd03f1b1a31226963ea094e6e.bin.c.frontend.dsm","72dbf7608619221213321f76f567cfd4810dc0a4.bin.c.frontend.dsm",27
"a22b483486b3782fd03f1b1a31226963ea094e6e.bin.c.frontend.dsm","7915450c9f2351236e3fc1cdf46e221526072193.bin.c.frontend.dsm",25
"a22b483486b3782fd03f1b1a31226963ea094e6e.bin.c.frontend.dsm","9601127ac0e1eeae8295ee802e9697e81e256415.bin.c.frontend.dsm",66
"a2364ae4acf5a7264cd23bbeed174924771f01a0.bin.c.frontend.dsm","93d2db4ce40077b9139d961b8ef8d2a4f939a044.bin.c.frontend.dsm",63
"a2e68c388e93869d4aafaed4b1a29cc235eb8063.bin.c.frontend.dsm","3e614328e8f03987a78959c35dc210dd0410c89c.bin.c.frontend.dsm",60
"a5ecf9ab7217e3f294e2007339bccb01fe00748f.bin.c.frontend.dsm","3d162d9d02bb5da6c73f11983f9b55ffccb6164c.bin.c.frontend.dsm",38
"a5ecf9ab7217e3f294e2007339bccb01fe00748f.bin.c.frontend.dsm","46e61c2066d775f6e191942201bf43374f8edd6c.bin.c.frontend.dsm",49
"a5ecf9ab7217e3f294e2007339bccb01fe00748f.bin.c.frontend.dsm","51d528a58169e14d09cdb42028a45cb507291a64.bin.c.frontend.dsm",33
"a5ecf9ab7217e3f294e2007339bccb01fe00748f.bin.c.frontend.dsm","5a71c1663342718f450e34ee8c37f99e973aabba.bin.c.frontend.dsm",97
"a5ecf9ab7217e3f294e2007339bccb01fe00748f.bin.c.frontend.dsm","74ba02ad361471288443f4d070eb62413c496657.bin.c.frontend.dsm",38
"a5ecf9ab7217e3f294e2007339bccb01fe00748f.bin.c.frontend.dsm","797d276abae39c8615a589e13cb6f7934c1c3135.bin.c.frontend.dsm",32
"a8d59a2f69e0cef8723e6a437a42d06f1937b758.bin.c.frontend.dsm","93e33041366e33d4dc9b3607155c5adbd66b221d.bin.c.frontend.dsm",79
"a8e39be1a67fd03f8252a72c7b27f9b6e018e2d9.bin.c.frontend.dsm","01a1a5d41cbe4440cc0d0bb35caac0ee696cb973.bin.c.frontend.dsm",29
"a8e39be1a67fd03f8252a72c7b27f9b6e018e2d9.bin.c.frontend.dsm","0dbaa867c7cc042cb808fc3c605aaf67147104d8.bin.c.frontend.dsm",27
"a8e39be1a67fd03f8252a72c7b27f9b6e018e2d9.bin.c.frontend.dsm","16a5b22937f848914fbcf214f3f604ee681bb733.bin.c.frontend.dsm",29
"a8e39be1a67fd03f8252a72c7b27f9b6e018e2d9.bin.c.frontend.dsm","18d4be0d1f9912629496204aea273914d609a4e9.bin.c.frontend.dsm",38
"a8e39be1a67fd03f8252a72c7b27f9b6e018e2d9.bin.c.frontend.dsm","2a7c74d92f7ded3419c954a68f8758c3ee8f1570.bin.c.frontend.dsm",29
"a8e39be1a67fd03f8252a72c7b27f9b6e018e2d9.bin.c.frontend.dsm","2a8dc05cca7da24e5feb3b00bffaeeafc069891a.bin.c.frontend.dsm",60
"a8e39be1a67fd03f8252a72c7b27f9b6e018e2d9.bin.c.frontend.dsm","344d12e864610baf1c2498bac5a376b04340f02a.bin.c.frontend.dsm",27
"a8e39be1a67fd03f8252a72c7b27f9b6e018e2d9.bin.c.frontend.dsm","46d023fb937e3558d33d517b4610e962a8967c22.bin.c.frontend.dsm",30
"a8e39be1a67fd03f8252a72c7b27f9b6e018e2d9.bin.c.frontend.dsm","5a6dd7066d9a76a364ec129c3d7cb6e7079a393f.bin.c.frontend.dsm",27
"a8e39be1a67fd03f8252a72c7b27f9b6e018e2d9.bin.c.frontend.dsm","6c85dc8d17edbdd216a136c4cef22513db3888a0.bin.c.frontend.dsm",29
"a8e39be1a67fd03f8252a72c7b27f9b6e018e2d9.bin.c.frontend.dsm","72dbf7608619221213321f76f567cfd4810dc0a4.bin.c.frontend.dsm",29
"a8e39be1a67fd03f8252a72c7b27f9b6e018e2d9.bin.c.frontend.dsm","7915450c9f2351236e3fc1cdf46e221526072193.bin.c.frontend.dsm",32
"a8e39be1a67fd03f8252a72c7b27f9b6e018e2d9.bin.c.frontend.dsm","9601127ac0e1eeae8295ee802e9697e81e256415.bin.c.frontend.dsm",24
"a8e39be1a67fd03f8252a72c7b27f9b6e018e2d9.bin.c.frontend.dsm","a22b483486b3782fd03f1b1a31226963ea094e6e.bin.c.frontend.dsm",27
"a96b9e6e789de9dc5d048e7d87f936651a036c51.bin.c.frontend.dsm","0b45a141987028f442f1bb14fec38b5d2c5c9fc3.bin.c.frontend.dsm",32
"a96b9e6e789de9dc5d048e7d87f936651a036c51.bin.c.frontend.dsm","802f362b4a4b6cdab5b2ad715381501f6b598c99.bin.c.frontend.dsm",61
"acf362164c1b9f8646c418ef6149ff34dba7ed89.bin.c.frontend.dsm","01a1a5d41cbe4440cc0d0bb35caac0ee696cb973.bin.c.frontend.dsm",29
"acf362164c1b9f8646c418ef6149ff34dba7ed89.bin.c.frontend.dsm","0dbaa867c7cc042cb808fc3c605aaf67147104d8.bin.c.frontend.dsm",24
"acf362164c1b9f8646c418ef6149ff34dba7ed89.bin.c.frontend.dsm","16a5b22937f848914fbcf214f3f604ee681bb733.bin.c.frontend.dsm",29
"acf362164c1b9f8646c418ef6149ff34dba7ed89.bin.c.frontend.dsm","18d4be0d1f9912629496204aea273914d609a4e9.bin.c.frontend.dsm",30
"acf362164c1b9f8646c418ef6149ff34dba7ed89.bin.c.frontend.dsm","2a7c74d92f7ded3419c954a68f8758c3ee8f1570.bin.c.frontend.dsm",27
"acf362164c1b9f8646c418ef6149ff34dba7ed89.bin.c.frontend.dsm","2a8dc05cca7da24e5feb3b00bffaeeafc069891a.bin.c.frontend.dsm",32
"acf362164c1b9f8646c418ef6149ff34dba7ed89.bin.c.frontend.dsm","344d12e864610baf1c2498bac5a376b04340f02a.bin.c.frontend.dsm",30
"acf362164c1b9f8646c418ef6149ff34dba7ed89.bin.c.frontend.dsm","46d023fb937e3558d33d517b4610e962a8967c22.bin.c.frontend.dsm",29
"acf362164c1b9f8646c418ef6149ff34dba7ed89.bin.c.frontend.dsm","5a6dd7066d9a76a364ec129c3d7cb6e7079a393f.bin.c.frontend.dsm",29
"acf362164c1b9f8646c418ef6149ff34dba7ed89.bin.c.frontend.dsm","6c85dc8d17edbdd216a136c4cef22513db3888a0.bin.c.frontend.dsm",29
"acf362164c1b9f8646c418ef6149ff34dba7ed89.bin.c.frontend.dsm","72dbf7608619221213321f76f567cfd4810dc0a4.bin.c.frontend.dsm",32
"acf362164c1b9f8646c418ef6149ff34dba7ed89.bin.c.frontend.dsm","7915450c9f2351236e3fc1cdf46e221526072193.bin.c.frontend.dsm",32
"acf362164c1b9f8646c418ef6149ff34dba7ed89.bin.c.frontend.dsm","9601127ac0e1eeae8295ee802e9697e81e256415.bin.c.frontend.dsm",32
"acf362164c1b9f8646c418ef6149ff34dba7ed89.bin.c.frontend.dsm","a22b483486b3782fd03f1b1a31226963ea094e6e.bin.c.frontend.dsm",29
"acf362164c1b9f8646c418ef6149ff34dba7ed89.bin.c.frontend.dsm","a8e39be1a67fd03f8252a72c7b27f9b6e018e2d9.bin.c.frontend.dsm",29
"afef378e9236166fd1cf3636807cd18baae53438.bin.c.frontend.dsm","035ea2271bc4d0965fb7f7633fb976766f57cd1c.bin.c.frontend.dsm",93
"b13e3a57dd03eda7a6bc62347e03721bf67de4ae.bin.c.frontend.dsm","18ccd2742c877e601e9c39ed33c49da3e7a430f2.bin.c.frontend.dsm",94
"b13e3a57dd03eda7a6bc62347e03721bf67de4ae.bin.c.frontend.dsm","245334c0b0398a1777986ae79d282a0b941e77f9.bin.c.frontend.dsm",94
"b13e3a57dd03eda7a6bc62347e03721bf67de4ae.bin.c.frontend.dsm","a0e1264efbad06856d773ccc9cfe4e4e0a434d17.bin.c.frontend.dsm",93
"b3d00159cd41f03b2a737f2570914d2258d811e3.bin.c.frontend.dsm","0cd55e8226e43598ddb891ad430b57a451602054.bin.c.frontend.dsm",96
"b3d00159cd41f03b2a737f2570914d2258d811e3.bin.c.frontend.dsm","160c795330cebe20e16c98a62c6776a9767db7cb.bin.c.frontend.dsm",82
"b3d00159cd41f03b2a737f2570914d2258d811e3.bin.c.frontend.dsm","33b01196e3184b5b68e80f8cdc5ace34c0ed58a4.bin.c.frontend.dsm",91
"b3d00159cd41f03b2a737f2570914d2258d811e3.bin.c.frontend.dsm","4c88311a6c4c6d910eb7bebcb7b4145ab2d6a1c7.bin.c.frontend.dsm",85
"b3d00159cd41f03b2a737f2570914d2258d811e3.bin.c.frontend.dsm","9c97c5c6bd326b9181b27ae0097824f7805bb876.bin.c.frontend.dsm",96
"b5f7f7d1ca40a21bd628f30854660f7e78dac803.bin.c.frontend.dsm","0cd55e8226e43598ddb891ad430b57a451602054.bin.c.frontend.dsm",96
"b5f7f7d1ca40a21bd628f30854660f7e78dac803.bin.c.frontend.dsm","160c795330cebe20e16c98a62c6776a9767db7cb.bin.c.frontend.dsm",82
"b5f7f7d1ca40a21bd628f30854660f7e78dac803.bin.c.frontend.dsm","33b01196e3184b5b68e80f8cdc5ace34c0ed58a4.bin.c.frontend.dsm",91
"b5f7f7d1ca40a21bd628f30854660f7e78dac803.bin.c.frontend.dsm","4c88311a6c4c6d910eb7bebcb7b4145ab2d6a1c7.bin.c.frontend.dsm",82
"b5f7f7d1ca40a21bd628f30854660f7e78dac803.bin.c.frontend.dsm","9c97c5c6bd326b9181b27ae0097824f7805bb876.bin.c.frontend.dsm",96
"b5f7f7d1ca40a21bd628f30854660f7e78dac803.bin.c.frontend.dsm","b3d00159cd41f03b2a737f2570914d2258d811e3.bin.c.frontend.dsm",96
"b62e8a336cf55be1d76c49126cdb92af0be98e40.bin.c.frontend.dsm","4af91377c14f894f1325f73cb639adcebf2e8a55.bin.c.frontend.dsm",96
"b62e8a336cf55be1d76c49126cdb92af0be98e40.bin.c.frontend.dsm","6f19d4513e1543ea4677c7999ae30d41e06e73b7.bin.c.frontend.dsm",96
"b9b570fae492c181927573a80a9a0d271b35ecc3.bin.c.frontend.dsm","3400ae858ab1a1bfb420a6cc3e6e8c18e8982d2e.bin.c.frontend.dsm",68
"bcc6faabfb8da1f660f907fa9d614be6f793c9a3.bin.c.frontend.dsm","035ea2271bc4d0965fb7f7633fb976766f57cd1c.bin.c.frontend.dsm",60
"bcc6faabfb8da1f660f907fa9d614be6f793c9a3.bin.c.frontend.dsm","afef378e9236166fd1cf3636807cd18baae53438.bin.c.frontend.dsm",60
"bd31b42b53d9009ead4838ce0ad584a7daa1b867.bin.c.frontend.dsm","3aa8499afef049d1b0d4377924797ccd4aaf7a49.bin.c.frontend.dsm",90
"bd31b42b53d9009ead4838ce0ad584a7daa1b867.bin.c.frontend.dsm","68991bca30529c622f5191a77497784047473fcd.bin.c.frontend.dsm",90
"bde0387f1ede90d4690fe453f00051256d525fa7.bin.c.frontend.dsm","1c4d5f9e848fd8356a6984d87790b38370595654.bin.c.frontend.dsm",91
"bde0387f1ede90d4690fe453f00051256d525fa7.bin.c.frontend.dsm","65b97feef6be8f00fd513e6f5a905cccf46a2a74.bin.c.frontend.dsm",96
"bdfc45f805826e06e108db9ca7f56fe06f3fce5a.bin.c.frontend.dsm","b5facc5a135690abc916bfe1d7877b9d86131bec.bin.c.frontend.dsm",97
"bfcddbdafb8543e5f9cd5f66d9f069f9c58f9f91.bin.c.frontend.dsm","0dd18b6f392eec4f8b7f9c9be53fec96ab56bc66.bin.c.frontend.dsm",96
"bfcddbdafb8543e5f9cd5f66d9f069f9c58f9f91.bin.c.frontend.dsm","0f6330ce70337e33f697323e07eae461edaecace.bin.c.frontend.dsm",96
"c0706f23daa8812bd4cbb63a9a512f6064568e12.bin.c.frontend.dsm","07a2e69701467dbbe8ab207c0c20c5a21bb75d8c.bin.c.frontend.dsm",96
"c0706f23daa8812bd4cbb63a9a512f6064568e12.bin.c.frontend.dsm","3d527332ebb97e6df591331ef0a1f9c82e104a6d.bin.c.frontend.dsm",96
"c0706f23daa8812bd4cbb63a9a512f6064568e12.bin.c.frontend.dsm","60250c9141fad0809220866fa51e940e70390121.bin.c.frontend.dsm",97
"c0706f23daa8812bd4cbb63a9a512f6064568e12.bin.c.frontend.dsm","67e000098151c0a982d6bac879eda53b38191a83.bin.c.frontend.dsm",61
"c0706f23daa8812bd4cbb63a9a512f6064568e12.bin.c.frontend.dsm","8a942db441285e8c668ca0d88db132a0d55b67bd.bin.c.frontend.dsm",96
"c1437be57a81f3cf4d0079eb745aaa91da632c5a.bin.c.frontend.dsm","214d9d17bd5514fd49ac41bbcf542d1b13f61e5b.bin.c.frontend.dsm",93
"c1437be57a81f3cf4d0079eb745aaa91da632c5a.bin.c.frontend.dsm","2be71064a37adea7288bbe4b53688e7af6ea907e.bin.c.frontend.dsm",97
"c5b6bc4dc7d8010dd8d5a855d480096d8e515d5f.bin.c.frontend.dsm","3aa8499afef049d1b0d4377924797ccd4aaf7a49.bin.c.frontend.dsm",93
"c5b6bc4dc7d8010dd8d5a855d480096d8e515d5f.bin.c.frontend.dsm","68991bca30529c622f5191a77497784047473fcd.bin.c.frontend.dsm",90
"c5b6bc4dc7d8010dd8d5a855d480096d8e515d5f.bin.c.frontend.dsm","bd31b42b53d9009ead4838ce0ad584a7daa1b867.bin.c.frontend.dsm",90
"c6a0bf583e700165706ca4d8d2a6f668d24fab98.bin.c.frontend.dsm","017ddbe8a623a45b07f9af5e2870d3ca3ef9cfc4.bin.c.frontend.dsm",96
"c6a0bf583e700165706ca4d8d2a6f668d24fab98.bin.c.frontend.dsm","1fec1cc4bc9044d38a80c45d74ab796179ea7ec2.bin.c.frontend.dsm",46
"c6a0bf583e700165706ca4d8d2a6f668d24fab98.bin.c.frontend.dsm","7293375fc2e4e072c6117a23fa181296f7c36ef5.bin.c.frontend.dsm",46
"c71aee9dca27c6eaf81da103143ada51c3638011.bin.c.frontend.dsm","5ce0be8349b8d34dd5a0e8bc819aba10ff4299ad.bin.c.frontend.dsm",97
"c71aee9dca27c6eaf81da103143ada51c3638011.bin.c.frontend.dsm","7169fd7fda95653d5d06ec4651dfc9ab4b826ca1.bin.c.frontend.dsm",46
"c71aee9dca27c6eaf81da103143ada51c3638011.bin.c.frontend.dsm","8b0fc1e96cb7a985b82f86e32e43cbf02f9c2017.bin.c.frontend.dsm",46
"ca087e03c02d589059eac03a23d0cc1fa85b3783.bin.c.frontend.dsm","671e89e9dd11fd5019cb346cab77c6d164afaf06.bin.c.frontend.dsm",96
"cbb3765cbe6557a29e57d2c81d4e39bc886d3dc1.bin.c.frontend.dsm","babbb38fabe5aa0cbb2fe9f24d041c87f65b99f3.bin.c.frontend.dsm",96
"cc405452e3a261cb53a70e48906aa44cc76caadc.bin.c.frontend.dsm","4094c9cf2f6edf64bb448460babcb316f6e563ab.bin.c.frontend.dsm",88
"cc405452e3a261cb53a70e48906aa44cc76caadc.bin.c.frontend.dsm","479d4fd64bbab6ccb1e7d22eac7b281590d2bf05.bin.c.frontend.dsm",83
"cc405452e3a261cb53a70e48906aa44cc76caadc.bin.c.frontend.dsm","51d833ed3a83f0dc7699cfe2ef887b3393b5ba3f.bin.c.frontend.dsm",99
"cc405452e3a261cb53a70e48906aa44cc76caadc.bin.c.frontend.dsm","52b9a73a9be9407ee5e4c4de4224183adae04a0e.bin.c.frontend.dsm",83
"cd45250bafab8d230b58a1bc249333a47f682b6a.bin.c.frontend.dsm","3400ae858ab1a1bfb420a6cc3e6e8c18e8982d2e.bin.c.frontend.dsm",68
"cd45250bafab8d230b58a1bc249333a47f682b6a.bin.c.frontend.dsm","b9b570fae492c181927573a80a9a0d271b35ecc3.bin.c.frontend.dsm",97
"cf709e1ce75636f71278581c60e8a8d794c91ad4.bin.c.frontend.dsm","917c3858de2ca7e87cf2708bbb09196659daeac6.bin.c.frontend.dsm",97
"d0cabda3d4e7f74908d1954e56c518d8f9254ec3.bin.c.frontend.dsm","3d29fe9bcb348a9cc10e21bbde1c1cbf3733d0e7.bin.c.frontend.dsm",29
"d381c079b028824071d1ecb5bd3b466d7078db94.bin.c.frontend.dsm","3d162d9d02bb5da6c73f11983f9b55ffccb6164c.bin.c.frontend.dsm",33
"d381c079b028824071d1ecb5bd3b466d7078db94.bin.c.frontend.dsm","46e61c2066d775f6e191942201bf43374f8edd6c.bin.c.frontend.dsm",47
"d381c079b028824071d1ecb5bd3b466d7078db94.bin.c.frontend.dsm","51d528a58169e14d09cdb42028a45cb507291a64.bin.c.frontend.dsm",36
"d381c079b028824071d1ecb5bd3b466d7078db94.bin.c.frontend.dsm","5a71c1663342718f450e34ee8c37f99e973aabba.bin.c.frontend.dsm",47
"d381c079b028824071d1ecb5bd3b466d7078db94.bin.c.frontend.dsm","74ba02ad361471288443f4d070eb62413c496657.bin.c.frontend.dsm",33
"d381c079b028824071d1ecb5bd3b466d7078db94.bin.c.frontend.dsm","797d276abae39c8615a589e13cb6f7934c1c3135.bin.c.frontend.dsm",36
"d381c079b028824071d1ecb5bd3b466d7078db94.bin.c.frontend.dsm","a5ecf9ab7217e3f294e2007339bccb01fe00748f.bin.c.frontend.dsm",47
"d385b141410edb78c227501e1ba88532d90a1391.bin.c.frontend.dsm","01a1a5d41cbe4440cc0d0bb35caac0ee696cb973.bin.c.frontend.dsm",27
"d385b141410edb78c227501e1ba88532d90a1391.bin.c.frontend.dsm","0dbaa867c7cc042cb808fc3c605aaf67147104d8.bin.c.frontend.dsm",24
"d385b141410edb78c227501e1ba88532d90a1391.bin.c.frontend.dsm","16a5b22937f848914fbcf214f3f604ee681bb733.bin.c.frontend.dsm",27
"d385b141410edb78c227501e1ba88532d90a1391.bin.c.frontend.dsm","18d4be0d1f9912629496204aea273914d609a4e9.bin.c.frontend.dsm",96
"d385b141410edb78c227501e1ba88532d90a1391.bin.c.frontend.dsm","2a7c74d92f7ded3419c954a68f8758c3ee8f1570.bin.c.frontend.dsm",27
"d385b141410edb78c227501e1ba88532d90a1391.bin.c.frontend.dsm","2a8dc05cca7da24e5feb3b00bffaeeafc069891a.bin.c.frontend.dsm",32
"d385b141410edb78c227501e1ba88532d90a1391.bin.c.frontend.dsm","344d12e864610baf1c2498bac5a376b04340f02a.bin.c.frontend.dsm",29
"d385b141410edb78c227501e1ba88532d90a1391.bin.c.frontend.dsm","46d023fb937e3558d33d517b4610e962a8967c22.bin.c.frontend.dsm",29
"d385b141410edb78c227501e1ba88532d90a1391.bin.c.frontend.dsm","5a6dd7066d9a76a364ec129c3d7cb6e7079a393f.bin.c.frontend.dsm",27
"d385b141410edb78c227501e1ba88532d90a1391.bin.c.frontend.dsm","6c85dc8d17edbdd216a136c4cef22513db3888a0.bin.c.frontend.dsm",30
"d385b141410edb78c227501e1ba88532d90a1391.bin.c.frontend.dsm","72dbf7608619221213321f76f567cfd4810dc0a4.bin.c.frontend.dsm",30
"d385b141410edb78c227501e1ba88532d90a1391.bin.c.frontend.dsm","7915450c9f2351236e3fc1cdf46e221526072193.bin.c.frontend.dsm",35
"d385b141410edb78c227501e1ba88532d90a1391.bin.c.frontend.dsm","9601127ac0e1eeae8295ee802e9697e81e256415.bin.c.frontend.dsm",27
"d385b141410edb78c227501e1ba88532d90a1391.bin.c.frontend.dsm","a22b483486b3782fd03f1b1a31226963ea094e6e.bin.c.frontend.dsm",27
"d385b141410edb78c227501e1ba88532d90a1391.bin.c.frontend.dsm","a8e39be1a67fd03f8252a72c7b27f9b6e018e2d9.bin.c.frontend.dsm",38
"d385b141410edb78c227501e1ba88532d90a1391.bin.c.frontend.dsm","acf362164c1b9f8646c418ef6149ff34dba7ed89.bin.c.frontend.dsm",30
"d3ae921b9687f1a4a0cb04e1bd4b064a407e723b.bin.c.frontend.dsm","3400ae858ab1a1bfb420a6cc3e6e8c18e8982d2e.bin.c.frontend.dsm",97
"d3ae921b9687f1a4a0cb04e1bd4b064a407e723b.bin.c.frontend.dsm","b9b570fae492c181927573a80a9a0d271b35ecc3.bin.c.frontend.dsm",68
"d3ae921b9687f1a4a0cb04e1bd4b064a407e723b.bin.c.frontend.dsm","cd45250bafab8d230b58a1bc249333a47f682b6a.bin.c.frontend.dsm",68
"d5a724c6755ae78cf1f892a2d3734f4e3ae14a8f.bin.c.frontend.dsm","0b45a141987028f442f1bb14fec38b5d2c5c9fc3.bin.c.frontend.dsm",32
"d5a724c6755ae78cf1f892a2d3734f4e3ae14a8f.bin.c.frontend.dsm","802f362b4a4b6cdab5b2ad715381501f6b598c99.bin.c.frontend.dsm",58
"d5a724c6755ae78cf1f892a2d3734f4e3ae14a8f.bin.c.frontend.dsm","a96b9e6e789de9dc5d048e7d87f936651a036c51.bin.c.frontend.dsm",93
"d754b694b88f2abf19542fb85f29a7b3985ea281.bin.c.frontend.dsm","d0b10a5d45d1e8b585eb79bd90e78e2f83615ae5.bin.c.frontend.dsm",94
"d7ec9c70769fb47bbe2d5740ea5bd6d4c3ecd016.bin.c.frontend.dsm","86c459c0c1a713b028adabb9af8c27c281b63c9e.bin.c.frontend.dsm",69
"d90c2121c695a0e87e001227e4c9e81079792179.bin.c.frontend.dsm","4fb3eec528dbd204326cc9f3352be31549a8afe7.bin.c.frontend.dsm",40
"d90c2121c695a0e87e001227e4c9e81079792179.bin.c.frontend.dsm","8d27b3a01b9fe8dadadc3c19f9fc8d118ee3b6f9.bin.c.frontend.dsm",33
"d93614f124407a36cf512ee642ac013136eab6ab.bin.c.frontend.dsm","917c3858de2ca7e87cf2708bbb09196659daeac6.bin.c.frontend.dsm",96
"d93614f124407a36cf512ee642ac013136eab6ab.bin.c.frontend.dsm","cf709e1ce75636f71278581c60e8a8d794c91ad4.bin.c.frontend.dsm",96
"da29e174f9eab31d007219b3eafbf3b8c99cd6e8.bin.c.frontend.dsm","36eae9b881af69cb92e1129608866825085742be.bin.c.frontend.dsm",94
"da29e174f9eab31d007219b3eafbf3b8c99cd6e8.bin.c.frontend.dsm","4db7a4cdafc0b0c840713e6077adcff6b66f19e1.bin.c.frontend.dsm",94
"da29e174f9eab31d007219b3eafbf3b8c99cd6e8.bin.c.frontend.dsm","6dea3106a901a13b10e3bfffd770647c79254bf9.bin.c.frontend.dsm",93
"da3a2afcf2eaff155e88b2cb0eddef2d51174640.bin.c.frontend.dsm","aae2c8177e45bcd53405b43815a3c208c9d519c2.bin.c.frontend.dsm",97
"dacb72b628b1e7b4b3a48a1694eb21154a8ba08c.bin.c.frontend.dsm","74c9a50920c3cfc47efc93df038fe2b4df49e000.bin.c.frontend.dsm",60
"dbcfdf8b9ccb5ff498ba5272b524d8833b657970.bin.c.frontend.dsm","5fb727593acc0d64670ad1a6ccd28cbc57eba828.bin.c.frontend.dsm",99
"dbd029b481cd78fbbaa4a4e0663cc45c187eb4db.bin.c.frontend.dsm","babbb38fabe5aa0cbb2fe9f24d041c87f65b99f3.bin.c.frontend.dsm",94
"dbd029b481cd78fbbaa4a4e0663cc45c187eb4db.bin.c.frontend.dsm","cbb3765cbe6557a29e57d2c81d4e39bc886d3dc1.bin.c.frontend.dsm",94
"dc50f470a2eee8a066e97fcdc83bc73c6bf24339.bin.c.frontend.dsm","0b45a141987028f442f1bb14fec38b5d2c5c9fc3.bin.c.frontend.dsm",35
"dc50f470a2eee8a066e97fcdc83bc73c6bf24339.bin.c.frontend.dsm","802f362b4a4b6cdab5b2ad715381501f6b598c99.bin.c.frontend.dsm",58
"dc50f470a2eee8a066e97fcdc83bc73c6bf24339.bin.c.frontend.dsm","a96b9e6e789de9dc5d048e7d87f936651a036c51.bin.c.frontend.dsm",93
"dc50f470a2eee8a066e97fcdc83bc73c6bf24339.bin.c.frontend.dsm","d5a724c6755ae78cf1f892a2d3734f4e3ae14a8f.bin.c.frontend.dsm",93
"de800b14f90196f98d12676fca5adcb5da82ede7.bin.c.frontend.dsm","01a1a5d41cbe4440cc0d0bb35caac0ee696cb973.bin.c.frontend.dsm",32
"de800b14f90196f98d12676fca5adcb5da82ede7.bin.c.frontend.dsm","0dbaa867c7cc042cb808fc3c605aaf67147104d8.bin.c.frontend.dsm",32
"de800b14f90196f98d12676fca5adcb5da82ede7.bin.c.frontend.dsm","16a5b22937f848914fbcf214f3f604ee681bb733.bin.c.frontend.dsm",32
"de800b14f90196f98d12676fca5adcb5da82ede7.bin.c.frontend.dsm","18d4be0d1f9912629496204aea273914d609a4e9.bin.c.frontend.dsm",29
"de800b14f90196f98d12676fca5adcb5da82ede7.bin.c.frontend.dsm","2a7c74d92f7ded3419c954a68f8758c3ee8f1570.bin.c.frontend.dsm",25
"de800b14f90196f98d12676fca5adcb5da82ede7.bin.c.frontend.dsm","2a8dc05cca7da24e5feb3b00bffaeeafc069891a.bin.c.frontend.dsm",35
"de800b14f90196f98d12676fca5adcb5da82ede7.bin.c.frontend.dsm","344d12e864610baf1c2498bac5a376b04340f02a.bin.c.frontend.dsm",30
"de800b14f90196f98d12676fca5adcb5da82ede7.bin.c.frontend.dsm","46d023fb937e3558d33d517b4610e962a8967c22.bin.c.frontend.dsm",99
"de800b14f90196f98d12676fca5adcb5da82ede7.bin.c.frontend.dsm","5a6dd7066d9a76a364ec129c3d7cb6e7079a393f.bin.c.frontend.dsm",27
"de800b14f90196f98d12676fca5adcb5da82ede7.bin.c.frontend.dsm","6c85dc8d17edbdd216a136c4cef22513db3888a0.bin.c.frontend.dsm",40
"de800b14f90196f98d12676fca5adcb5da82ede7.bin.c.frontend.dsm","72dbf7608619221213321f76f567cfd4810dc0a4.bin.c.frontend.dsm",27
"de800b14f90196f98d12676fca5adcb5da82ede7.bin.c.frontend.dsm","7915450c9f2351236e3fc1cdf46e221526072193.bin.c.frontend.dsm",25
"de800b14f90196f98d12676fca5adcb5da82ede7.bin.c.frontend.dsm","9601127ac0e1eeae8295ee802e9697e81e256415.bin.c.frontend.dsm",30
"de800b14f90196f98d12676fca5adcb5da82ede7.bin.c.frontend.dsm","a22b483486b3782fd03f1b1a31226963ea094e6e.bin.c.frontend.dsm",27
"de800b14f90196f98d12676fca5adcb5da82ede7.bin.c.frontend.dsm","a8e39be1a67fd03f8252a72c7b27f9b6e018e2d9.bin.c.frontend.dsm",30
"de800b14f90196f98d12676fca5adcb5da82ede7.bin.c.frontend.dsm","acf362164c1b9f8646c418ef6149ff34dba7ed89.bin.c.frontend.dsm",29
"de800b14f90196f98d12676fca5adcb5da82ede7.bin.c.frontend.dsm","d385b141410edb78c227501e1ba88532d90a1391.bin.c.frontend.dsm",29
"e34d4bd19416dc722105efaa3c9cf0677f4cac85.bin.c.frontend.dsm","035ea2271bc4d0965fb7f7633fb976766f57cd1c.bin.c.frontend.dsm",93
"e34d4bd19416dc722105efaa3c9cf0677f4cac85.bin.c.frontend.dsm","afef378e9236166fd1cf3636807cd18baae53438.bin.c.frontend.dsm",97
"e34d4bd19416dc722105efaa3c9cf0677f4cac85.bin.c.frontend.dsm","bcc6faabfb8da1f660f907fa9d614be6f793c9a3.bin.c.frontend.dsm",60
"e466293f424901e6d904abbf88a736d9d1b6263e.bin.c.frontend.dsm","1ea71919dd9a3cf5f4bba1f8295fb24eecc8182a.bin.c.frontend.dsm",60
"e466293f424901e6d904abbf88a736d9d1b6263e.bin.c.frontend.dsm","307fc36ba169ec523fddff2f2606411a7807d90f.bin.c.frontend.dsm",63
"e466293f424901e6d904abbf88a736d9d1b6263e.bin.c.frontend.dsm","5baf264ade4870abe5479fd38655600e2c448c0a.bin.c.frontend.dsm",60
"e466293f424901e6d904abbf88a736d9d1b6263e.bin.c.frontend.dsm","6907e6dd2c84f76ec92d2012f53d315def4498df.bin.c.frontend.dsm",60
"e466293f424901e6d904abbf88a736d9d1b6263e.bin.c.frontend.dsm","6f8606d56405193773bda562ee7397ac521a57c6.bin.c.frontend.dsm",60
"e53da2f0d1b30501f5976382ecc40c85cfb4d0e1.bin.c.frontend.dsm","16bb1062a8888d5fbf3a68fc88a787b4ed9392a3.bin.c.frontend.dsm",97
"e53da2f0d1b30501f5976382ecc40c85cfb4d0e1.bin.c.frontend.dsm","6536560d039df6626f242f5e41a8ff32cb284b8b.bin.c.frontend.dsm",97
"e547439f87a48e056264fc296d611886fe79c576.bin.c.frontend.dsm","19c47ad35897cc314d8aa967372a97c70fa1c45f.bin.c.frontend.dsm",97
"e6667e6055a3ebda196c6105572556a0ee2314da.bin.c.frontend.dsm","cde31f8c96e9d69725c79674752e5c7e37e481e5.bin.c.frontend.dsm",25
"e85245083ce0ea1321bf8120ed1c4e74e45bcf4f.bin.c.frontend.dsm","88853501873bf0343948d9fe777201213835b062.bin.c.frontend.dsm",96
"e865fb33ece91bef7aa264522c52aca7dcd646e8.bin.c.frontend.dsm","3d162d9d02bb5da6c73f11983f9b55ffccb6164c.bin.c.frontend.dsm",32
"e865fb33ece91bef7aa264522c52aca7dcd646e8.bin.c.frontend.dsm","46e61c2066d775f6e191942201bf43374f8edd6c.bin.c.frontend.dsm",97
"e865fb33ece91bef7aa264522c52aca7dcd646e8.bin.c.frontend.dsm","51d528a58169e14d09cdb42028a45cb507291a64.bin.c.frontend.dsm",36
"e865fb33ece91bef7aa264522c52aca7dcd646e8.bin.c.frontend.dsm","5a71c1663342718f450e34ee8c37f99e973aabba.bin.c.frontend.dsm",49
"e865fb33ece91bef7aa264522c52aca7dcd646e8.bin.c.frontend.dsm","74ba02ad361471288443f4d070eb62413c496657.bin.c.frontend.dsm",33
"e865fb33ece91bef7aa264522c52aca7dcd646e8.bin.c.frontend.dsm","797d276abae39c8615a589e13cb6f7934c1c3135.bin.c.frontend.dsm",38
"e865fb33ece91bef7aa264522c52aca7dcd646e8.bin.c.frontend.dsm","a5ecf9ab7217e3f294e2007339bccb01fe00748f.bin.c.frontend.dsm",49
"e865fb33ece91bef7aa264522c52aca7dcd646e8.bin.c.frontend.dsm","d381c079b028824071d1ecb5bd3b466d7078db94.bin.c.frontend.dsm",47
"e89651cca3edada0627f2d17d5060943ed0326ba.bin.c.frontend.dsm","c32d945b1a4b876a998116369af079eb20f4dcf7.bin.c.frontend.dsm",94
"e8abdbf498d6601068855ab6394272fc86dca851.bin.c.frontend.dsm","01a1a5d41cbe4440cc0d0bb35caac0ee696cb973.bin.c.frontend.dsm",29
"e8abdbf498d6601068855ab6394272fc86dca851.bin.c.frontend.dsm","0dbaa867c7cc042cb808fc3c605aaf67147104d8.bin.c.frontend.dsm",25
"e8abdbf498d6601068855ab6394272fc86dca851.bin.c.frontend.dsm","16a5b22937f848914fbcf214f3f604ee681bb733.bin.c.frontend.dsm",29
"e8abdbf498d6601068855ab6394272fc86dca851.bin.c.frontend.dsm","18d4be0d1f9912629496204aea273914d609a4e9.bin.c.frontend.dsm",27
"e8abdbf498d6601068855ab6394272fc86dca851.bin.c.frontend.dsm","2a7c74d92f7ded3419c954a68f8758c3ee8f1570.bin.c.frontend.dsm",27
"e8abdbf498d6601068855ab6394272fc86dca851.bin.c.frontend.dsm","2a8dc05cca7da24e5feb3b00bffaeeafc069891a.bin.c.frontend.dsm",32
"e8abdbf498d6601068855ab6394272fc86dca851.bin.c.frontend.dsm","344d12e864610baf1c2498bac5a376b04340f02a.bin.c.frontend.dsm",27
"e8abdbf498d6601068855ab6394272fc86dca851.bin.c.frontend.dsm","46d023fb937e3558d33d517b4610e962a8967c22.bin.c.frontend.dsm",29
"e8abdbf498d6601068855ab6394272fc86dca851.bin.c.frontend.dsm","5a6dd7066d9a76a364ec129c3d7cb6e7079a393f.bin.c.frontend.dsm",27
"e8abdbf498d6601068855ab6394272fc86dca851.bin.c.frontend.dsm","6c85dc8d17edbdd216a136c4cef22513db3888a0.bin.c.frontend.dsm",25
"e8abdbf498d6601068855ab6394272fc86dca851.bin.c.frontend.dsm","72dbf7608619221213321f76f567cfd4810dc0a4.bin.c.frontend.dsm",32
"e8abdbf498d6601068855ab6394272fc86dca851.bin.c.frontend.dsm","7915450c9f2351236e3fc1cdf46e221526072193.bin.c.frontend.dsm",29
"e8abdbf498d6601068855ab6394272fc86dca851.bin.c.frontend.dsm","9601127ac0e1eeae8295ee802e9697e81e256415.bin.c.frontend.dsm",29
"e8abdbf498d6601068855ab6394272fc86dca851.bin.c.frontend.dsm","a22b483486b3782fd03f1b1a31226963ea094e6e.bin.c.frontend.dsm",27
"e8abdbf498d6601068855ab6394272fc86dca851.bin.c.frontend.dsm","a8e39be1a67fd03f8252a72c7b27f9b6e018e2d9.bin.c.frontend.dsm",27
"e8abdbf498d6601068855ab6394272fc86dca851.bin.c.frontend.dsm","acf362164c1b9f8646c418ef6149ff34dba7ed89.bin.c.frontend.dsm",71
"e8abdbf498d6601068855ab6394272fc86dca851.bin.c.frontend.dsm","d385b141410edb78c227501e1ba88532d90a1391.bin.c.frontend.dsm",27
"e8abdbf498d6601068855ab6394272fc86dca851.bin.c.frontend.dsm","de800b14f90196f98d12676fca5adcb5da82ede7.bin.c.frontend.dsm",29
"e8eca13735b2a391700d25fca494ee48b4e75566.bin.c.frontend.dsm","cde31f8c96e9d69725c79674752e5c7e37e481e5.bin.c.frontend.dsm",25
"e8eca13735b2a391700d25fca494ee48b4e75566.bin.c.frontend.dsm","e6667e6055a3ebda196c6105572556a0ee2314da.bin.c.frontend.dsm",97
"e8ecf8b972a0852cdcaf70f51bb04e045fc520ac.bin.c.frontend.dsm","01a1a5d41cbe4440cc0d0bb35caac0ee696cb973.bin.c.frontend.dsm",25
"e8ecf8b972a0852cdcaf70f51bb04e045fc520ac.bin.c.frontend.dsm","0dbaa867c7cc042cb808fc3c605aaf67147104d8.bin.c.frontend.dsm",27
"e8ecf8b972a0852cdcaf70f51bb04e045fc520ac.bin.c.frontend.dsm","16a5b22937f848914fbcf214f3f604ee681bb733.bin.c.frontend.dsm",25
"e8ecf8b972a0852cdcaf70f51bb04e045fc520ac.bin.c.frontend.dsm","18d4be0d1f9912629496204aea273914d609a4e9.bin.c.frontend.dsm",25
"e8ecf8b972a0852cdcaf70f51bb04e045fc520ac.bin.c.frontend.dsm","2a7c74d92f7ded3419c954a68f8758c3ee8f1570.bin.c.frontend.dsm",25
"e8ecf8b972a0852cdcaf70f51bb04e045fc520ac.bin.c.frontend.dsm","2a8dc05cca7da24e5feb3b00bffaeeafc069891a.bin.c.frontend.dsm",27
"e8ecf8b972a0852cdcaf70f51bb04e045fc520ac.bin.c.frontend.dsm","344d12e864610baf1c2498bac5a376b04340f02a.bin.c.frontend.dsm",27
"e8ecf8b972a0852cdcaf70f51bb04e045fc520ac.bin.c.frontend.dsm","46d023fb937e3558d33d517b4610e962a8967c22.bin.c.frontend.dsm",25
"e8ecf8b972a0852cdcaf70f51bb04e045fc520ac.bin.c.frontend.dsm","5a6dd7066d9a76a364ec129c3d7cb6e7079a393f.bin.c.frontend.dsm",27
"e8ecf8b972a0852cdcaf70f51bb04e045fc520ac.bin.c.frontend.dsm","6c85dc8d17edbdd216a136c4cef22513db3888a0.bin.c.frontend.dsm",24
"e8ecf8b972a0852cdcaf70f51bb04e045fc520ac.bin.c.frontend.dsm","72dbf7608619221213321f76f567cfd4810dc0a4.bin.c.frontend.dsm",27
"e8ecf8b972a0852cdcaf70f51bb04e045fc520ac.bin.c.frontend.dsm","7915450c9f2351236e3fc1cdf46e221526072193.bin.c.frontend.dsm",25
"e8ecf8b972a0852cdcaf70f51bb04e045fc520ac.bin.c.frontend.dsm","9601127ac0e1eeae8295ee802e9697e81e256415.bin.c.frontend.dsm",25
"e8ecf8b972a0852cdcaf70f51bb04e045fc520ac.bin.c.frontend.dsm","a22b483486b3782fd03f1b1a31226963ea094e6e.bin.c.frontend.dsm",27
"e8ecf8b972a0852cdcaf70f51bb04e045fc520ac.bin.c.frontend.dsm","a8e39be1a67fd03f8252a72c7b27f9b6e018e2d9.bin.c.frontend.dsm",29
"e8ecf8b972a0852cdcaf70f51bb04e045fc520ac.bin.c.frontend.dsm","acf362164c1b9f8646c418ef6149ff34dba7ed89.bin.c.frontend.dsm",27
"e8ecf8b972a0852cdcaf70f51bb04e045fc520ac.bin.c.frontend.dsm","d385b141410edb78c227501e1ba88532d90a1391.bin.c.frontend.dsm",25
"e8ecf8b972a0852cdcaf70f51bb04e045fc520ac.bin.c.frontend.dsm","de800b14f90196f98d12676fca5adcb5da82ede7.bin.c.frontend.dsm",25
"e8ecf8b972a0852cdcaf70f51bb04e045fc520ac.bin.c.frontend.dsm","e8abdbf498d6601068855ab6394272fc86dca851.bin.c.frontend.dsm",27
"ea2641fc0b89a0b4d9822ad578c69320af6cf519.bin.c.frontend.dsm","02fae19667796e24c462c76aa3a368ec60eaa208.bin.c.frontend.dsm",80
"ea2641fc0b89a0b4d9822ad578c69320af6cf519.bin.c.frontend.dsm","6f013d0304c86605cd9a45a88e61639f126e3311.bin.c.frontend.dsm",83
"ea5692d9d69f24ae662f1e76f1cf47d4aaf18fb1.bin.c.frontend.dsm","c2002721fdcb16682009e4c467598d34329b1f23.bin.c.frontend.dsm",57
"ea956ac6c832a64dbec0e209402253ec8a4869b8.bin.c.frontend.dsm","2fa5b7acb314ab50b8b689f645d748bec6440b66.bin.c.frontend.dsm",90
"ea956ac6c832a64dbec0e209402253ec8a4869b8.bin.c.frontend.dsm","5c446dc332ed3ac2fc9f8d432bf9b3c097734b92.bin.c.frontend.dsm",85
"eaa4a7fc1438d2e5b2b83dbb6facd1faf81251ac.bin.c.frontend.dsm","cde31f8c96e9d69725c79674752e5c7e37e481e5.bin.c.frontend.dsm",96
"eaa4a7fc1438d2e5b2b83dbb6facd1faf81251ac.bin.c.frontend.dsm","e6667e6055a3ebda196c6105572556a0ee2314da.bin.c.frontend.dsm",25
"eaa4a7fc1438d2e5b2b83dbb6facd1faf81251ac.bin.c.frontend.dsm","e8eca13735b2a391700d25fca494ee48b4e75566.bin.c.frontend.dsm",25
"ec4bd414eaa6cccff7384d4f1ff66676dd37d6b1.bin.c.frontend.dsm","01a1a5d41cbe4440cc0d0bb35caac0ee696cb973.bin.c.frontend.dsm",27
"ec4bd414eaa6cccff7384d4f1ff66676dd37d6b1.bin.c.frontend.dsm","0dbaa867c7cc042cb808fc3c605aaf67147104d8.bin.c.frontend.dsm",27
"ec4bd414eaa6cccff7384d4f1ff66676dd37d6b1.bin.c.frontend.dsm","16a5b22937f848914fbcf214f3f604ee681bb733.bin.c.frontend.dsm",27
"ec4bd414eaa6cccff7384d4f1ff66676dd37d6b1.bin.c.frontend.dsm","18d4be0d1f9912629496204aea273914d609a4e9.bin.c.frontend.dsm",32
"ec4bd414eaa6cccff7384d4f1ff66676dd37d6b1.bin.c.frontend.dsm","2a7c74d92f7ded3419c954a68f8758c3ee8f1570.bin.c.frontend.dsm",29
"ec4bd414eaa6cccff7384d4f1ff66676dd37d6b1.bin.c.frontend.dsm","2a8dc05cca7da24e5feb3b00bffaeeafc069891a.bin.c.frontend.dsm",27
"ec4bd414eaa6cccff7384d4f1ff66676dd37d6b1.bin.c.frontend.dsm","344d12e864610baf1c2498bac5a376b04340f02a.bin.c.frontend.dsm",27
"ec4bd414eaa6cccff7384d4f1ff66676dd37d6b1.bin.c.frontend.dsm","46d023fb937e3558d33d517b4610e962a8967c22.bin.c.frontend.dsm",27
"ec4bd414eaa6cccff7384d4f1ff66676dd37d6b1.bin.c.frontend.dsm","5a6dd7066d9a76a364ec129c3d7cb6e7079a393f.bin.c.frontend.dsm",27
"ec4bd414eaa6cccff7384d4f1ff66676dd37d6b1.bin.c.frontend.dsm","6c85dc8d17edbdd216a136c4cef22513db3888a0.bin.c.frontend.dsm",24
"ec4bd414eaa6cccff7384d4f1ff66676dd37d6b1.bin.c.frontend.dsm","72dbf7608619221213321f76f567cfd4810dc0a4.bin.c.frontend.dsm",30
"ec4bd414eaa6cccff7384d4f1ff66676dd37d6b1.bin.c.frontend.dsm","7915450c9f2351236e3fc1cdf46e221526072193.bin.c.frontend.dsm",27
"ec4bd414eaa6cccff7384d4f1ff66676dd37d6b1.bin.c.frontend.dsm","9601127ac0e1eeae8295ee802e9697e81e256415.bin.c.frontend.dsm",29
"ec4bd414eaa6cccff7384d4f1ff66676dd37d6b1.bin.c.frontend.dsm","a22b483486b3782fd03f1b1a31226963ea094e6e.bin.c.frontend.dsm",27
"ec4bd414eaa6cccff7384d4f1ff66676dd37d6b1.bin.c.frontend.dsm","a8e39be1a67fd03f8252a72c7b27f9b6e018e2d9.bin.c.frontend.dsm",25
"ec4bd414eaa6cccff7384d4f1ff66676dd37d6b1.bin.c.frontend.dsm","acf362164c1b9f8646c418ef6149ff34dba7ed89.bin.c.frontend.dsm",22
"ec4bd414eaa6cccff7384d4f1ff66676dd37d6b1.bin.c.frontend.dsm","d385b141410edb78c227501e1ba88532d90a1391.bin.c.frontend.dsm",32
"ec4bd414eaa6cccff7384d4f1ff66676dd37d6b1.bin.c.frontend.dsm","de800b14f90196f98d12676fca5adcb5da82ede7.bin.c.frontend.dsm",27
"ec4bd414eaa6cccff7384d4f1ff66676dd37d6b1.bin.c.frontend.dsm","e8abdbf498d6601068855ab6394272fc86dca851.bin.c.frontend.dsm",21
"ec4bd414eaa6cccff7384d4f1ff66676dd37d6b1.bin.c.frontend.dsm","e8ecf8b972a0852cdcaf70f51bb04e045fc520ac.bin.c.frontend.dsm",22
"ed0d94681f8680f96c2b449d5b6dd581e6b88586.bin.c.frontend.dsm","23c933b2bdc4b50abda4f45d682453ec984697a5.bin.c.frontend.dsm",99
"f0b6fd9250de28bd61214e7ea2ef4d8dfebc6e4a.bin.c.frontend.dsm","01a1a5d41cbe4440cc0d0bb35caac0ee696cb973.bin.c.frontend.dsm",25
"f0b6fd9250de28bd61214e7ea2ef4d8dfebc6e4a.bin.c.frontend.dsm","0dbaa867c7cc042cb808fc3c605aaf67147104d8.bin.c.frontend.dsm",29
"f0b6fd9250de28bd61214e7ea2ef4d8dfebc6e4a.bin.c.frontend.dsm","16a5b22937f848914fbcf214f3f604ee681bb733.bin.c.frontend.dsm",25
"f0b6fd9250de28bd61214e7ea2ef4d8dfebc6e4a.bin.c.frontend.dsm","18d4be0d1f9912629496204aea273914d609a4e9.bin.c.frontend.dsm",38
"f0b6fd9250de28bd61214e7ea2ef4d8dfebc6e4a.bin.c.frontend.dsm","2a7c74d92f7ded3419c954a68f8758c3ee8f1570.bin.c.frontend.dsm",29
"f0b6fd9250de28bd61214e7ea2ef4d8dfebc6e4a.bin.c.frontend.dsm","2a8dc05cca7da24e5feb3b00bffaeeafc069891a.bin.c.frontend.dsm",43
"f0b6fd9250de28bd61214e7ea2ef4d8dfebc6e4a.bin.c.frontend.dsm","344d12e864610baf1c2498bac5a376b04340f02a.bin.c.frontend.dsm",25
"f0b6fd9250de28bd61214e7ea2ef4d8dfebc6e4a.bin.c.frontend.dsm","46d023fb937e3558d33d517b4610e962a8967c22.bin.c.frontend.dsm",25
"f0b6fd9250de28bd61214e7ea2ef4d8dfebc6e4a.bin.c.frontend.dsm","5a6dd7066d9a76a364ec129c3d7cb6e7079a393f.bin.c.frontend.dsm",29
"f0b6fd9250de28bd61214e7ea2ef4d8dfebc6e4a.bin.c.frontend.dsm","6c85dc8d17edbdd216a136c4cef22513db3888a0.bin.c.frontend.dsm",27
"f0b6fd9250de28bd61214e7ea2ef4d8dfebc6e4a.bin.c.frontend.dsm","72dbf7608619221213321f76f567cfd4810dc0a4.bin.c.frontend.dsm",35
"f0b6fd9250de28bd61214e7ea2ef4d8dfebc6e4a.bin.c.frontend.dsm","7915450c9f2351236e3fc1cdf46e221526072193.bin.c.frontend.dsm",32
"f0b6fd9250de28bd61214e7ea2ef4d8dfebc6e4a.bin.c.frontend.dsm","9601127ac0e1eeae8295ee802e9697e81e256415.bin.c.frontend.dsm",29
"f0b6fd9250de28bd61214e7ea2ef4d8dfebc6e4a.bin.c.frontend.dsm","a22b483486b3782fd03f1b1a31226963ea094e6e.bin.c.frontend.dsm",29
"f0b6fd9250de28bd61214e7ea2ef4d8dfebc6e4a.bin.c.frontend.dsm","a8e39be1a67fd03f8252a72c7b27f9b6e018e2d9.bin.c.frontend.dsm",38
"f0b6fd9250de28bd61214e7ea2ef4d8dfebc6e4a.bin.c.frontend.dsm","acf362164c1b9f8646c418ef6149ff34dba7ed89.bin.c.frontend.dsm",29
"f0b6fd9250de28bd61214e7ea2ef4d8dfebc6e4a.bin.c.frontend.dsm","d385b141410edb78c227501e1ba88532d90a1391.bin.c.frontend.dsm",38
"f0b6fd9250de28bd61214e7ea2ef4d8dfebc6e4a.bin.c.frontend.dsm","de800b14f90196f98d12676fca5adcb5da82ede7.bin.c.frontend.dsm",25
"f0b6fd9250de28bd61214e7ea2ef4d8dfebc6e4a.bin.c.frontend.dsm","e8abdbf498d6601068855ab6394272fc86dca851.bin.c.frontend.dsm",29
"f0b6fd9250de28bd61214e7ea2ef4d8dfebc6e4a.bin.c.frontend.dsm","e8ecf8b972a0852cdcaf70f51bb04e045fc520ac.bin.c.frontend.dsm",29
"f0b6fd9250de28bd61214e7ea2ef4d8dfebc6e4a.bin.c.frontend.dsm","ec4bd414eaa6cccff7384d4f1ff66676dd37d6b1.bin.c.frontend.dsm",30
"f3c4dde761f91a2bcaec1192e3a67f54e02a2641.bin.c.frontend.dsm","138349f9d742adf7917c066ed26dd18b2c709c9e.bin.c.frontend.dsm",97
"f3c4dde761f91a2bcaec1192e3a67f54e02a2641.bin.c.frontend.dsm","304ddd5e821c485ebc9a733060b41bd5cb03c6db.bin.c.frontend.dsm",97
"f3efee3d5eea12c43e354e249ef2bbf762b31ebc.bin.c.frontend.dsm","01a1a5d41cbe4440cc0d0bb35caac0ee696cb973.bin.c.frontend.dsm",29
"f3efee3d5eea12c43e354e249ef2bbf762b31ebc.bin.c.frontend.dsm","0dbaa867c7cc042cb808fc3c605aaf67147104d8.bin.c.frontend.dsm",25
"f3efee3d5eea12c43e354e249ef2bbf762b31ebc.bin.c.frontend.dsm","16a5b22937f848914fbcf214f3f604ee681bb733.bin.c.frontend.dsm",29
"f3efee3d5eea12c43e354e249ef2bbf762b31ebc.bin.c.frontend.dsm","18d4be0d1f9912629496204aea273914d609a4e9.bin.c.frontend.dsm",30
"f3efee3d5eea12c43e354e249ef2bbf762b31ebc.bin.c.frontend.dsm","2a7c74d92f7ded3419c954a68f8758c3ee8f1570.bin.c.frontend.dsm",27
"f3efee3d5eea12c43e354e249ef2bbf762b31ebc.bin.c.frontend.dsm","2a8dc05cca7da24e5feb3b00bffaeeafc069891a.bin.c.frontend.dsm",29
"f3efee3d5eea12c43e354e249ef2bbf762b31ebc.bin.c.frontend.dsm","344d12e864610baf1c2498bac5a376b04340f02a.bin.c.frontend.dsm",29
"f3efee3d5eea12c43e354e249ef2bbf762b31ebc.bin.c.frontend.dsm","46d023fb937e3558d33d517b4610e962a8967c22.bin.c.frontend.dsm",25
"f3efee3d5eea12c43e354e249ef2bbf762b31ebc.bin.c.frontend.dsm","5a6dd7066d9a76a364ec129c3d7cb6e7079a393f.bin.c.frontend.dsm",27
"f3efee3d5eea12c43e354e249ef2bbf762b31ebc.bin.c.frontend.dsm","6c85dc8d17edbdd216a136c4cef22513db3888a0.bin.c.frontend.dsm",24
"f3efee3d5eea12c43e354e249ef2bbf762b31ebc.bin.c.frontend.dsm","72dbf7608619221213321f76f567cfd4810dc0a4.bin.c.frontend.dsm",29
"f3efee3d5eea12c43e354e249ef2bbf762b31ebc.bin.c.frontend.dsm","7915450c9f2351236e3fc1cdf46e221526072193.bin.c.frontend.dsm",27
"f3efee3d5eea12c43e354e249ef2bbf762b31ebc.bin.c.frontend.dsm","9601127ac0e1eeae8295ee802e9697e81e256415.bin.c.frontend.dsm",25
"f3efee3d5eea12c43e354e249ef2bbf762b31ebc.bin.c.frontend.dsm","a22b483486b3782fd03f1b1a31226963ea094e6e.bin.c.frontend.dsm",27
"f3efee3d5eea12c43e354e249ef2bbf762b31ebc.bin.c.frontend.dsm","a8e39be1a67fd03f8252a72c7b27f9b6e018e2d9.bin.c.frontend.dsm",29
"f3efee3d5eea12c43e354e249ef2bbf762b31ebc.bin.c.frontend.dsm","acf362164c1b9f8646c418ef6149ff34dba7ed89.bin.c.frontend.dsm",63
"f3efee3d5eea12c43e354e249ef2bbf762b31ebc.bin.c.frontend.dsm","d385b141410edb78c227501e1ba88532d90a1391.bin.c.frontend.dsm",30
"f3efee3d5eea12c43e354e249ef2bbf762b31ebc.bin.c.frontend.dsm","de800b14f90196f98d12676fca5adcb5da82ede7.bin.c.frontend.dsm",25
"f3efee3d5eea12c43e354e249ef2bbf762b31ebc.bin.c.frontend.dsm","e8abdbf498d6601068855ab6394272fc86dca851.bin.c.frontend.dsm",66
"f3efee3d5eea12c43e354e249ef2bbf762b31ebc.bin.c.frontend.dsm","e8ecf8b972a0852cdcaf70f51bb04e045fc520ac.bin.c.frontend.dsm",29
"f3efee3d5eea12c43e354e249ef2bbf762b31ebc.bin.c.frontend.dsm","ec4bd414eaa6cccff7384d4f1ff66676dd37d6b1.bin.c.frontend.dsm",24
"f3efee3d5eea12c43e354e249ef2bbf762b31ebc.bin.c.frontend.dsm","f0b6fd9250de28bd61214e7ea2ef4d8dfebc6e4a.bin.c.frontend.dsm",29
"f531c1778cc8c0717de7b6eac95ddfc7882d287c.bin.c.frontend.dsm","4703b5d24b3b5d62b06bc7e90a3a9cd125c371a7.bin.c.frontend.dsm",94
"f5a87ec1cc26f06548d0f4f28094a6dcbf68acbe.bin.c.frontend.dsm","9589263339e831fd18c32b603a97cedbe4baa006.bin.c.frontend.dsm",80
"f5bb6d3c8e3a578a7d094c832f42a57a3b98ab23.bin.c.frontend.dsm","01a1a5d41cbe4440cc0d0bb35caac0ee696cb973.bin.c.frontend.dsm",32
"f5bb6d3c8e3a578a7d094c832f42a57a3b98ab23.bin.c.frontend.dsm","0dbaa867c7cc042cb808fc3c605aaf67147104d8.bin.c.frontend.dsm",27
"f5bb6d3c8e3a578a7d094c832f42a57a3b98ab23.bin.c.frontend.dsm","16a5b22937f848914fbcf214f3f604ee681bb733.bin.c.frontend.dsm",32
"f5bb6d3c8e3a578a7d094c832f42a57a3b98ab23.bin.c.frontend.dsm","18d4be0d1f9912629496204aea273914d609a4e9.bin.c.frontend.dsm",27
"f5bb6d3c8e3a578a7d094c832f42a57a3b98ab23.bin.c.frontend.dsm","2a7c74d92f7ded3419c954a68f8758c3ee8f1570.bin.c.frontend.dsm",27
"f5bb6d3c8e3a578a7d094c832f42a57a3b98ab23.bin.c.frontend.dsm","2a8dc05cca7da24e5feb3b00bffaeeafc069891a.bin.c.frontend.dsm",33
"f5bb6d3c8e3a578a7d094c832f42a57a3b98ab23.bin.c.frontend.dsm","344d12e864610baf1c2498bac5a376b04340f02a.bin.c.frontend.dsm",24
"f5bb6d3c8e3a578a7d094c832f42a57a3b98ab23.bin.c.frontend.dsm","46d023fb937e3558d33d517b4610e962a8967c22.bin.c.frontend.dsm",29
"f5bb6d3c8e3a578a7d094c832f42a57a3b98ab23.bin.c.frontend.dsm","5a6dd7066d9a76a364ec129c3d7cb6e7079a393f.bin.c.frontend.dsm",32
"f5bb6d3c8e3a578a7d094c832f42a57a3b98ab23.bin.c.frontend.dsm","6c85dc8d17edbdd216a136c4cef22513db3888a0.bin.c.frontend.dsm",27
"f5bb6d3c8e3a578a7d094c832f42a57a3b98ab23.bin.c.frontend.dsm","72dbf7608619221213321f76f567cfd4810dc0a4.bin.c.frontend.dsm",33
"f5bb6d3c8e3a578a7d094c832f42a57a3b98ab23.bin.c.frontend.dsm","7915450c9f2351236e3fc1cdf46e221526072193.bin.c.frontend.dsm",29
"f5bb6d3c8e3a578a7d094c832f42a57a3b98ab23.bin.c.frontend.dsm","9601127ac0e1eeae8295ee802e9697e81e256415.bin.c.frontend.dsm",32
"f5bb6d3c8e3a578a7d094c832f42a57a3b98ab23.bin.c.frontend.dsm","a22b483486b3782fd03f1b1a31226963ea094e6e.bin.c.frontend.dsm",32
"f5bb6d3c8e3a578a7d094c832f42a57a3b98ab23.bin.c.frontend.dsm","a8e39be1a67fd03f8252a72c7b27f9b6e018e2d9.bin.c.frontend.dsm",27
"f5bb6d3c8e3a578a7d094c832f42a57a3b98ab23.bin.c.frontend.dsm","acf362164c1b9f8646c418ef6149ff34dba7ed89.bin.c.frontend.dsm",71
"f5bb6d3c8e3a578a7d094c832f42a57a3b98ab23.bin.c.frontend.dsm","d385b141410edb78c227501e1ba88532d90a1391.bin.c.frontend.dsm",27
"f5bb6d3c8e3a578a7d094c832f42a57a3b98ab23.bin.c.frontend.dsm","de800b14f90196f98d12676fca5adcb5da82ede7.bin.c.frontend.dsm",29
"f5bb6d3c8e3a578a7d094c832f42a57a3b98ab23.bin.c.frontend.dsm","e8abdbf498d6601068855ab6394272fc86dca851.bin.c.frontend.dsm",91
"f5bb6d3c8e3a578a7d094c832f42a57a3b98ab23.bin.c.frontend.dsm","e8ecf8b972a0852cdcaf70f51bb04e045fc520ac.bin.c.frontend.dsm",27
"f5bb6d3c8e3a578a7d094c832f42a57a3b98ab23.bin.c.frontend.dsm","ec4bd414eaa6cccff7384d4f1ff66676dd37d6b1.bin.c.frontend.dsm",22
"f5bb6d3c8e3a578a7d094c832f42a57a3b98ab23.bin.c.frontend.dsm","f0b6fd9250de28bd61214e7ea2ef4d8dfebc6e4a.bin.c.frontend.dsm",33
"f5bb6d3c8e3a578a7d094c832f42a57a3b98ab23.bin.c.frontend.dsm","f3efee3d5eea12c43e354e249ef2bbf762b31ebc.bin.c.frontend.dsm",65
"f6ec9f342add99f8201e728002244cf42d79f06a.bin.c.frontend.dsm","00ae708f8575f4507327d58ccb56de4449074e2e.bin.c.frontend.dsm",63
"f8a9d4ec1d6e8516a282e35af1f70e2274aa03d3.bin.c.frontend.dsm","3d34c42463d7a0d21fce25f3dc7221ff058de918.bin.c.frontend.dsm",96
"f8f431bb9e5598e67dc7ff50abec9f90d8ee3794.bin.c.frontend.dsm","035ea2271bc4d0965fb7f7633fb976766f57cd1c.bin.c.frontend.dsm",97
"f8f431bb9e5598e67dc7ff50abec9f90d8ee3794.bin.c.frontend.dsm","afef378e9236166fd1cf3636807cd18baae53438.bin.c.frontend.dsm",93
"f8f431bb9e5598e67dc7ff50abec9f90d8ee3794.bin.c.frontend.dsm","bcc6faabfb8da1f660f907fa9d614be6f793c9a3.bin.c.frontend.dsm",60
"f8f431bb9e5598e67dc7ff50abec9f90d8ee3794.bin.c.frontend.dsm","e34d4bd19416dc722105efaa3c9cf0677f4cac85.bin.c.frontend.dsm",93
"f94494945733a81be502a953ddb1ec2146f61a0f.bin.c.frontend.dsm","26e3c54630ddd809f27b2108342ec6571da4a5c3.bin.c.frontend.dsm",68
"fa0d94471f6fbf1425894007cfd81e93130ca0e1.bin.c.frontend.dsm","0cd55e8226e43598ddb891ad430b57a451602054.bin.c.frontend.dsm",96
"fa0d94471f6fbf1425894007cfd81e93130ca0e1.bin.c.frontend.dsm","160c795330cebe20e16c98a62c6776a9767db7cb.bin.c.frontend.dsm",82
"fa0d94471f6fbf1425894007cfd81e93130ca0e1.bin.c.frontend.dsm","33b01196e3184b5b68e80f8cdc5ace34c0ed58a4.bin.c.frontend.dsm",91
"fa0d94471f6fbf1425894007cfd81e93130ca0e1.bin.c.frontend.dsm","4c88311a6c4c6d910eb7bebcb7b4145ab2d6a1c7.bin.c.frontend.dsm",82
"fa0d94471f6fbf1425894007cfd81e93130ca0e1.bin.c.frontend.dsm","9c97c5c6bd326b9181b27ae0097824f7805bb876.bin.c.frontend.dsm",96
"fa0d94471f6fbf1425894007cfd81e93130ca0e1.bin.c.frontend.dsm","b3d00159cd41f03b2a737f2570914d2258d811e3.bin.c.frontend.dsm",96
"fa0d94471f6fbf1425894007cfd81e93130ca0e1.bin.c.frontend.dsm","b5f7f7d1ca40a21bd628f30854660f7e78dac803.bin.c.frontend.dsm",96
"fc4a0849a31d6b2866ef1110e2755564891868c8.bin.c.frontend.dsm","93e33041366e33d4dc9b3607155c5adbd66b221d.bin.c.frontend.dsm",83
"fc4a0849a31d6b2866ef1110e2755564891868c8.bin.c.frontend.dsm","a8d59a2f69e0cef8723e6a437a42d06f1937b758.bin.c.frontend.dsm",83
"fcfb35f1ca4ae86281f9547177852ba5bfde083a.bin.c.frontend.dsm","5ccd9c083767f56efc5cc431c8077ccbd7e3ad7a.bin.c.frontend.dsm",50
"fcffaf0bc260f9cffeaa41dac67b4f9d5d88e730.bin.c.frontend.dsm","611c68a28198f3a2dda58488f61ea31a336a7aa4.bin.c.frontend.dsm",97
"fefe3653e2b7488eae6ae8fa6761c126f18c07a4.bin.c.frontend.dsm","a79b7ec1c2bf8458a0d40c3627e6f409140146dc.bin.c.frontend.dsm",54
"ffbf8a67c0692c0c83deb3e448d9e0f70f765ef9.bin.c.frontend.dsm","3d162d9d02bb5da6c73f11983f9b55ffccb6164c.bin.c.frontend.dsm",40
"ffbf8a67c0692c0c83deb3e448d9e0f70f765ef9.bin.c.frontend.dsm","46e61c2066d775f6e191942201bf43374f8edd6c.bin.c.frontend.dsm",36
"ffbf8a67c0692c0c83deb3e448d9e0f70f765ef9.bin.c.frontend.dsm","51d528a58169e14d09cdb42028a45cb507291a64.bin.c.frontend.dsm",97
"ffbf8a67c0692c0c83deb3e448d9e0f70f765ef9.bin.c.frontend.dsm","5a71c1663342718f450e34ee8c37f99e973aabba.bin.c.frontend.dsm",35
"ffbf8a67c0692c0c83deb3e448d9e0f70f765ef9.bin.c.frontend.dsm","74ba02ad361471288443f4d070eb62413c496657.bin.c.frontend.dsm",40
"ffbf8a67c0692c0c83deb3e448d9e0f70f765ef9.bin.c.frontend.dsm","797d276abae39c8615a589e13cb6f7934c1c3135.bin.c.frontend.dsm",35
"ffbf8a67c0692c0c83deb3e448d9e0f70f765ef9.bin.c.frontend.dsm","a5ecf9ab7217e3f294e2007339bccb01fe00748f.bin.c.frontend.dsm",35
"ffbf8a67c0692c0c83deb3e448d9e0f70f765ef9.bin.c.frontend.dsm","d381c079b028824071d1ecb5bd3b466d7078db94.bin.c.frontend.dsm",36
"ffbf8a67c0692c0c83deb3e448d9e0f70f765ef9.bin.c.frontend.dsm","e865fb33ece91bef7aa264522c52aca7dcd646e8.bin.c.frontend.dsm",38
